ID,label
test_00000.png,LY
test_00001.png,BL
test_00002.png,BNE
test_00003.png,SNE
test_00004.png,BNE
test_00005.png,MO
test_00006.png,BNE
test_00007.png,LY
test_00008.png,EO
test_00009.png,BA
test_00010.png,BNE
test_00011.png,MO
test_00012.png,BL
test_00013.png,MO
test_00014.png,MY
test_00015.png,MMY
test_00016.png,MY
test_00017.png,BNE
test_00018.png,BL
test_00019.png,LY
test_00020.png,MY
test_00021.png,BNE
test_00022.png,BA
test_00023.png,BNE
test_00024.png,BNE
test_00025.png,BNE
test_00026.png,BNE
test_00027.png,SNE
test_00028.png,BNE
test_00029.png,EO
test_00030.png,BNE
test_00031.png,BNE
test_00032.png,BNE
test_00033.png,VLY
test_00034.png,BNE
test_00035.png,BNE
test_00036.png,LY
test_00037.png,BNE
test_00038.png,SNE
test_00039.png,PMY
test_00040.png,VLY
test_00041.png,BA
test_00042.png,VLY
test_00043.png,LY
test_00044.png,BNE
test_00045.png,LY
test_00046.png,VLY
test_00047.png,SNE
test_00048.png,LY
test_00049.png,BL
test_00050.png,LY
test_00051.png,SNE
test_00052.png,BNE
test_00053.png,BA
test_00054.png,BNE
test_00055.png,VLY
test_00056.png,BNE
test_00057.png,BNE
test_00058.png,EO
test_00059.png,LY
test_00060.png,SNE
test_00061.png,BNE
test_00062.png,PC
test_00063.png,LY
test_00064.png,SNE
test_00065.png,BL
test_00066.png,BNE
test_00067.png,BNE
test_00068.png,SNE
test_00069.png,MY
test_00070.png,BNE
test_00071.png,BL
test_00072.png,BNE
test_00073.png,EO
test_00074.png,BNE
test_00075.png,BNE
test_00076.png,LY
test_00077.png,BNE
test_00078.png,BA
test_00079.png,PC
test_00080.png,SNE
test_00081.png,VLY
test_00082.png,MY
test_00083.png,BNE
test_00084.png,LY
test_00085.png,EO
test_00086.png,BNE
test_00087.png,BNE
test_00088.png,BNE
test_00089.png,BNE
test_00090.png,BNE
test_00091.png,PC
test_00092.png,BNE
test_00093.png,LY
test_00094.png,LY
test_00095.png,LY
test_00096.png,MO
test_00097.png,BNE
test_00098.png,BNE
test_00099.png,MY
test_00100.png,MY
test_00101.png,SNE
test_00102.png,BNE
test_00103.png,VLY
test_00104.png,EO
test_00105.png,SNE
test_00106.png,MO
test_00107.png,BNE
test_00108.png,BNE
test_00109.png,PC
test_00110.png,BNE
test_00111.png,VLY
test_00112.png,SNE
test_00113.png,BNE
test_00114.png,BL
test_00115.png,BL
test_00116.png,EO
test_00117.png,SNE
test_00118.png,BNE
test_00119.png,SNE
test_00120.png,SNE
test_00121.png,SNE
test_00122.png,MO
test_00123.png,MY
test_00124.png,SNE
test_00125.png,BNE
test_00126.png,BNE
test_00127.png,LY
test_00128.png,BNE
test_00129.png,BL
test_00130.png,LY
test_00131.png,PC
test_00132.png,BNE
test_00133.png,VLY
test_00134.png,SNE
test_00135.png,MMY
test_00136.png,BA
test_00137.png,MY
test_00138.png,LY
test_00139.png,BNE
test_00140.png,BNE
test_00141.png,VLY
test_00142.png,VLY
test_00143.png,BNE
test_00144.png,LY
test_00145.png,MMY
test_00146.png,BNE
test_00147.png,BNE
test_00148.png,VLY
test_00149.png,SNE
test_00150.png,BL
test_00151.png,LY
test_00152.png,EO
test_00153.png,BNE
test_00154.png,BNE
test_00155.png,SNE
test_00156.png,LY
test_00157.png,BNE
test_00158.png,VLY
test_00159.png,MO
test_00160.png,BNE
test_00161.png,BNE
test_00162.png,PC
test_00163.png,SNE
test_00164.png,SNE
test_00165.png,MY
test_00166.png,LY
test_00167.png,BNE
test_00168.png,BNE
test_00169.png,EO
test_00170.png,VLY
test_00171.png,VLY
test_00172.png,MY
test_00173.png,BNE
test_00174.png,BNE
test_00175.png,BNE
test_00176.png,SNE
test_00177.png,BNE
test_00178.png,BNE
test_00179.png,LY
test_00180.png,SNE
test_00181.png,BL
test_00182.png,SNE
test_00183.png,BNE
test_00184.png,SNE
test_00185.png,VLY
test_00186.png,VLY
test_00187.png,BNE
test_00188.png,BNE
test_00189.png,BNE
test_00190.png,LY
test_00191.png,MY
test_00192.png,BNE
test_00193.png,EO
test_00194.png,SNE
test_00195.png,VLY
test_00196.png,BL
test_00197.png,BA
test_00198.png,SNE
test_00199.png,LY
test_00200.png,BNE
test_00201.png,BNE
test_00202.png,MY
test_00203.png,BNE
test_00204.png,LY
test_00205.png,BA
test_00206.png,MMY
test_00207.png,EO
test_00208.png,SNE
test_00209.png,PC
test_00210.png,BNE
test_00211.png,VLY
test_00212.png,BNE
test_00213.png,EO
test_00214.png,BNE
test_00215.png,BNE
test_00216.png,SNE
test_00217.png,LY
test_00218.png,BNE
test_00219.png,MMY
test_00220.png,BNE
test_00221.png,LY
test_00222.png,LY
test_00223.png,VLY
test_00224.png,BNE
test_00225.png,BNE
test_00226.png,BL
test_00227.png,LY
test_00228.png,MMY
test_00229.png,MMY
test_00230.png,LY
test_00231.png,LY
test_00232.png,MO
test_00233.png,BNE
test_00234.png,PLY
test_00235.png,SNE
test_00236.png,BNE
test_00237.png,BNE
test_00238.png,BL
test_00239.png,BNE
test_00240.png,MMY
test_00241.png,MMY
test_00242.png,MMY
test_00243.png,VLY
test_00244.png,MY
test_00245.png,MO
test_00246.png,BNE
test_00247.png,EO
test_00248.png,BL
test_00249.png,BNE
test_00250.png,MY
test_00251.png,BNE
test_00252.png,BNE
test_00253.png,BNE
test_00254.png,MY
test_00255.png,BNE
test_00256.png,BNE
test_00257.png,LY
test_00258.png,PMY
test_00259.png,BNE
test_00260.png,VLY
test_00261.png,MMY
test_00262.png,EO
test_00263.png,BNE
test_00264.png,LY
test_00265.png,SNE
test_00266.png,BNE
test_00267.png,BNE
test_00268.png,VLY
test_00269.png,BNE
test_00270.png,MY
test_00271.png,BL
test_00272.png,BA
test_00273.png,SNE
test_00274.png,LY
test_00275.png,BNE
test_00276.png,SNE
test_00277.png,BNE
test_00278.png,LY
test_00279.png,MY
test_00280.png,EO
test_00281.png,BNE
test_00282.png,MMY
test_00283.png,BNE
test_00284.png,SNE
test_00285.png,BL
test_00286.png,VLY
test_00287.png,BNE
test_00288.png,LY
test_00289.png,VLY
test_00290.png,BNE
test_00291.png,VLY
test_00292.png,VLY
test_00293.png,SNE
test_00294.png,BNE
test_00295.png,BNE
test_00296.png,LY
test_00297.png,MY
test_00298.png,BNE
test_00299.png,BNE
test_00300.png,EO
test_00301.png,BNE
test_00302.png,BNE
test_00303.png,BNE
test_00304.png,BNE
test_00305.png,BA
test_00306.png,BNE
test_00307.png,BNE
test_00308.png,MY
test_00309.png,VLY
test_00310.png,BNE
test_00311.png,BNE
test_00312.png,EO
test_00313.png,LY
test_00314.png,LY
test_00315.png,BNE
test_00316.png,VLY
test_00317.png,EO
test_00318.png,BL
test_00319.png,BNE
test_00320.png,VLY
test_00321.png,MY
test_00322.png,BNE
test_00323.png,BNE
test_00324.png,BNE
test_00325.png,PC
test_00326.png,BNE
test_00327.png,BNE
test_00328.png,BL
test_00329.png,BNE
test_00330.png,BL
test_00331.png,BNE
test_00332.png,BNE
test_00333.png,SNE
test_00334.png,BNE
test_00335.png,BNE
test_00336.png,BNE
test_00337.png,MY
test_00338.png,LY
test_00339.png,MMY
test_00340.png,BNE
test_00341.png,VLY
test_00342.png,VLY
test_00343.png,BNE
test_00344.png,BNE
test_00345.png,SNE
test_00346.png,BNE
test_00347.png,MY
test_00348.png,LY
test_00349.png,BNE
test_00350.png,VLY
test_00351.png,BNE
test_00352.png,BNE
test_00353.png,BNE
test_00354.png,SNE
test_00355.png,MMY
test_00356.png,MMY
test_00357.png,BNE
test_00358.png,VLY
test_00359.png,BNE
test_00360.png,VLY
test_00361.png,MO
test_00362.png,MY
test_00363.png,BA
test_00364.png,BNE
test_00365.png,BNE
test_00366.png,BNE
test_00367.png,LY
test_00368.png,VLY
test_00369.png,BNE
test_00370.png,BL
test_00371.png,LY
test_00372.png,BNE
test_00373.png,VLY
test_00374.png,BNE
test_00375.png,SNE
test_00376.png,MMY
test_00377.png,BL
test_00378.png,MMY
test_00379.png,BNE
test_00380.png,SNE
test_00381.png,MMY
test_00382.png,BL
test_00383.png,SNE
test_00384.png,BNE
test_00385.png,BNE
test_00386.png,LY
test_00387.png,BNE
test_00388.png,SNE
test_00389.png,BNE
test_00390.png,BNE
test_00391.png,BNE
test_00392.png,BNE
test_00393.png,BNE
test_00394.png,BNE
test_00395.png,EO
test_00396.png,PLY
test_00397.png,BNE
test_00398.png,PC
test_00399.png,BNE
test_00400.png,BNE
test_00401.png,MMY
test_00402.png,MY
test_00403.png,LY
test_00404.png,MMY
test_00405.png,BNE
test_00406.png,BNE
test_00407.png,SNE
test_00408.png,VLY
test_00409.png,MMY
test_00410.png,LY
test_00411.png,BNE
test_00412.png,LY
test_00413.png,BNE
test_00414.png,BNE
test_00415.png,BNE
test_00416.png,BNE
test_00417.png,PC
test_00418.png,BNE
test_00419.png,BNE
test_00420.png,BNE
test_00421.png,SNE
test_00422.png,BNE
test_00423.png,SNE
test_00424.png,LY
test_00425.png,VLY
test_00426.png,BNE
test_00427.png,SNE
test_00428.png,SNE
test_00429.png,SNE
test_00430.png,BNE
test_00431.png,SNE
test_00432.png,MMY
test_00433.png,BA
test_00434.png,MO
test_00435.png,MY
test_00436.png,LY
test_00437.png,BNE
test_00438.png,BNE
test_00439.png,SNE
test_00440.png,MMY
test_00441.png,BNE
test_00442.png,LY
test_00443.png,EO
test_00444.png,MY
test_00445.png,SNE
test_00446.png,BNE
test_00447.png,BNE
test_00448.png,BNE
test_00449.png,BNE
test_00450.png,SNE
test_00451.png,BNE
test_00452.png,BNE
test_00453.png,BNE
test_00454.png,BA
test_00455.png,BNE
test_00456.png,BL
test_00457.png,BNE
test_00458.png,LY
test_00459.png,LY
test_00460.png,PC
test_00461.png,EO
test_00462.png,MMY
test_00463.png,SNE
test_00464.png,VLY
test_00465.png,BNE
test_00466.png,BNE
test_00467.png,BNE
test_00468.png,MY
test_00469.png,MY
test_00470.png,MMY
test_00471.png,VLY
test_00472.png,BA
test_00473.png,VLY
test_00474.png,PC
test_00475.png,VLY
test_00476.png,SNE
test_00477.png,BNE
test_00478.png,VLY
test_00479.png,MY
test_00480.png,BNE
test_00481.png,VLY
test_00482.png,SNE
test_00483.png,EO
test_00484.png,SNE
test_00485.png,SNE
test_00486.png,BNE
test_00487.png,LY
test_00488.png,PC
test_00489.png,BL
test_00490.png,BNE
test_00491.png,PC
test_00492.png,SNE
test_00493.png,SNE
test_00494.png,BNE
test_00495.png,BA
test_00496.png,PLY
test_00497.png,PLY
test_00498.png,MY
test_00499.png,BNE
test_00500.png,BNE
test_00501.png,SNE
test_00502.png,LY
test_00503.png,LY
test_00504.png,BL
test_00505.png,MY
test_00506.png,MY
test_00507.png,BA
test_00508.png,SNE
test_00509.png,LY
test_00510.png,MMY
test_00511.png,SNE
test_00512.png,BNE
test_00513.png,BNE
test_00514.png,EO
test_00515.png,MO
test_00516.png,SNE
test_00517.png,MMY
test_00518.png,BNE
test_00519.png,BNE
test_00520.png,EO
test_00521.png,BNE
test_00522.png,SNE
test_00523.png,EO
test_00524.png,MY
test_00525.png,BNE
test_00526.png,BNE
test_00527.png,LY
test_00528.png,SNE
test_00529.png,LY
test_00530.png,BNE
test_00531.png,SNE
test_00532.png,BNE
test_00533.png,BL
test_00534.png,BNE
test_00535.png,BNE
test_00536.png,SNE
test_00537.png,BL
test_00538.png,VLY
test_00539.png,BNE
test_00540.png,MMY
test_00541.png,BNE
test_00542.png,SNE
test_00543.png,BNE
test_00544.png,BNE
test_00545.png,SNE
test_00546.png,BL
test_00547.png,VLY
test_00548.png,BNE
test_00549.png,LY
test_00550.png,BNE
test_00551.png,BNE
test_00552.png,EO
test_00553.png,MMY
test_00554.png,BNE
test_00555.png,BNE
test_00556.png,BL
test_00557.png,BNE
test_00558.png,LY
test_00559.png,MO
test_00560.png,SNE
test_00561.png,LY
test_00562.png,SNE
test_00563.png,BNE
test_00564.png,BNE
test_00565.png,MMY
test_00566.png,LY
test_00567.png,SNE
test_00568.png,BNE
test_00569.png,BNE
test_00570.png,VLY
test_00571.png,LY
test_00572.png,MY
test_00573.png,BNE
test_00574.png,MY
test_00575.png,SNE
test_00576.png,PC
test_00577.png,BNE
test_00578.png,BNE
test_00579.png,VLY
test_00580.png,BNE
test_00581.png,MO
test_00582.png,BL
test_00583.png,BL
test_00584.png,BNE
test_00585.png,BNE
test_00586.png,BA
test_00587.png,BNE
test_00588.png,MY
test_00589.png,BNE
test_00590.png,SNE
test_00591.png,SNE
test_00592.png,SNE
test_00593.png,BNE
test_00594.png,MO
test_00595.png,BNE
test_00596.png,VLY
test_00597.png,MMY
test_00598.png,MMY
test_00599.png,BNE
test_00600.png,BNE
test_00601.png,BL
test_00602.png,BL
test_00603.png,BNE
test_00604.png,EO
test_00605.png,BNE
test_00606.png,MMY
test_00607.png,BA
test_00608.png,BNE
test_00609.png,BNE
test_00610.png,PLY
test_00611.png,BNE
test_00612.png,BNE
test_00613.png,BNE
test_00614.png,MMY
test_00615.png,VLY
test_00616.png,VLY
test_00617.png,VLY
test_00618.png,SNE
test_00619.png,LY
test_00620.png,EO
test_00621.png,SNE
test_00622.png,PC
test_00623.png,BNE
test_00624.png,BNE
test_00625.png,BNE
test_00626.png,LY
test_00627.png,BNE
test_00628.png,MY
test_00629.png,LY
test_00630.png,MMY
test_00631.png,EO
test_00632.png,BNE
test_00633.png,BNE
test_00634.png,BNE
test_00635.png,BA
test_00636.png,BNE
test_00637.png,BNE
test_00638.png,EO
test_00639.png,MY
test_00640.png,LY
test_00641.png,BNE
test_00642.png,VLY
test_00643.png,LY
test_00644.png,EO
test_00645.png,BNE
test_00646.png,BNE
test_00647.png,BNE
test_00648.png,BNE
test_00649.png,BNE
test_00650.png,BA
test_00651.png,VLY
test_00652.png,LY
test_00653.png,BL
test_00654.png,BA
test_00655.png,BL
test_00656.png,LY
test_00657.png,LY
test_00658.png,BNE
test_00659.png,PC
test_00660.png,BNE
test_00661.png,SNE
test_00662.png,BNE
test_00663.png,PC
test_00664.png,LY
test_00665.png,SNE
test_00666.png,BA
test_00667.png,BNE
test_00668.png,LY
test_00669.png,MMY
test_00670.png,VLY
test_00671.png,BNE
test_00672.png,BNE
test_00673.png,BL
test_00674.png,BNE
test_00675.png,BNE
test_00676.png,BNE
test_00677.png,SNE
test_00678.png,BL
test_00679.png,BNE
test_00680.png,BNE
test_00681.png,VLY
test_00682.png,BNE
test_00683.png,BNE
test_00684.png,SNE
test_00685.png,PC
test_00686.png,BNE
test_00687.png,BL
test_00688.png,BL
test_00689.png,BL
test_00690.png,BNE
test_00691.png,BNE
test_00692.png,MMY
test_00693.png,SNE
test_00694.png,VLY
test_00695.png,MMY
test_00696.png,SNE
test_00697.png,BNE
test_00698.png,BNE
test_00699.png,BL
test_00700.png,BNE
test_00701.png,PC
test_00702.png,BNE
test_00703.png,BNE
test_00704.png,BNE
test_00705.png,BA
test_00706.png,MY
test_00707.png,MY
test_00708.png,BNE
test_00709.png,BNE
test_00710.png,BNE
test_00711.png,BNE
test_00712.png,BA
test_00713.png,LY
test_00714.png,BL
test_00715.png,BNE
test_00716.png,LY
test_00717.png,MMY
test_00718.png,MY
test_00719.png,BNE
test_00720.png,BNE
test_00721.png,EO
test_00722.png,BNE
test_00723.png,BNE
test_00724.png,BL
test_00725.png,BNE
test_00726.png,MMY
test_00727.png,LY
test_00728.png,MMY
test_00729.png,BNE
test_00730.png,BL
test_00731.png,BNE
test_00732.png,SNE
test_00733.png,SNE
test_00734.png,VLY
test_00735.png,BNE
test_00736.png,BNE
test_00737.png,SNE
test_00738.png,BNE
test_00739.png,BNE
test_00740.png,BNE
test_00741.png,BA
test_00742.png,SNE
test_00743.png,BL
test_00744.png,BNE
test_00745.png,SNE
test_00746.png,VLY
test_00747.png,BNE
test_00748.png,BNE
test_00749.png,VLY
test_00750.png,SNE
test_00751.png,LY
test_00752.png,BNE
test_00753.png,BNE
test_00754.png,BL
test_00755.png,SNE
test_00756.png,BNE
test_00757.png,MY
test_00758.png,BNE
test_00759.png,LY
test_00760.png,SNE
test_00761.png,BNE
test_00762.png,BL
test_00763.png,LY
test_00764.png,BL
test_00765.png,BNE
test_00766.png,VLY
test_00767.png,BNE
test_00768.png,LY
test_00769.png,MY
test_00770.png,MY
test_00771.png,MO
test_00772.png,VLY
test_00773.png,BNE
test_00774.png,LY
test_00775.png,SNE
test_00776.png,BNE
test_00777.png,BNE
test_00778.png,MY
test_00779.png,BNE
test_00780.png,MMY
test_00781.png,BNE
test_00782.png,BNE
test_00783.png,PLY
test_00784.png,MMY
test_00785.png,MY
test_00786.png,LY
test_00787.png,SNE
test_00788.png,SNE
test_00789.png,BL
test_00790.png,BNE
test_00791.png,SNE
test_00792.png,MY
test_00793.png,MY
test_00794.png,MY
test_00795.png,BNE
test_00796.png,BNE
test_00797.png,PC
test_00798.png,LY
test_00799.png,PC
test_00800.png,BNE
test_00801.png,LY
test_00802.png,MMY
test_00803.png,MMY
test_00804.png,BL
test_00805.png,MY
test_00806.png,BNE
test_00807.png,MO
test_00808.png,MY
test_00809.png,BNE
test_00810.png,LY
test_00811.png,MMY
test_00812.png,PLY
test_00813.png,MY
test_00814.png,BNE
test_00815.png,BNE
test_00816.png,SNE
test_00817.png,BNE
test_00818.png,BNE
test_00819.png,LY
test_00820.png,LY
test_00821.png,BL
test_00822.png,SNE
test_00823.png,SNE
test_00824.png,MO
test_00825.png,BNE
test_00826.png,BNE
test_00827.png,MMY
test_00828.png,BL
test_00829.png,BNE
test_00830.png,BNE
test_00831.png,BNE
test_00832.png,SNE
test_00833.png,MY
test_00834.png,BL
test_00835.png,VLY
test_00836.png,BNE
test_00837.png,BNE
test_00838.png,SNE
test_00839.png,BNE
test_00840.png,BNE
test_00841.png,BNE
test_00842.png,EO
test_00843.png,BNE
test_00844.png,EO
test_00845.png,BNE
test_00846.png,BA
test_00847.png,MMY
test_00848.png,SNE
test_00849.png,BNE
test_00850.png,LY
test_00851.png,MMY
test_00852.png,BNE
test_00853.png,BNE
test_00854.png,LY
test_00855.png,LY
test_00856.png,PC
test_00857.png,SNE
test_00858.png,BL
test_00859.png,LY
test_00860.png,MMY
test_00861.png,BNE
test_00862.png,SNE
test_00863.png,EO
test_00864.png,BL
test_00865.png,BA
test_00866.png,MMY
test_00867.png,EO
test_00868.png,MMY
test_00869.png,LY
test_00870.png,LY
test_00871.png,VLY
test_00872.png,LY
test_00873.png,VLY
test_00874.png,BNE
test_00875.png,BNE
test_00876.png,LY
test_00877.png,PC
test_00878.png,BNE
test_00879.png,BNE
test_00880.png,BNE
test_00881.png,BNE
test_00882.png,BNE
test_00883.png,BNE
test_00884.png,LY
test_00885.png,BNE
test_00886.png,BL
test_00887.png,MMY
test_00888.png,MY
test_00889.png,EO
test_00890.png,BNE
test_00891.png,BL
test_00892.png,MY
test_00893.png,EO
test_00894.png,BNE
test_00895.png,MY
test_00896.png,BNE
test_00897.png,MMY
test_00898.png,BA
test_00899.png,BA
test_00900.png,VLY
test_00901.png,PC
test_00902.png,BL
test_00903.png,BL
test_00904.png,BNE
test_00905.png,VLY
test_00906.png,LY
test_00907.png,LY
test_00908.png,BNE
test_00909.png,BNE
test_00910.png,BNE
test_00911.png,BNE
test_00912.png,PC
test_00913.png,BNE
test_00914.png,BNE
test_00915.png,MY
test_00916.png,BNE
test_00917.png,SNE
test_00918.png,MO
test_00919.png,LY
test_00920.png,BNE
test_00921.png,MMY
test_00922.png,BNE
test_00923.png,BL
test_00924.png,LY
test_00925.png,LY
test_00926.png,BNE
test_00927.png,BNE
test_00928.png,BNE
test_00929.png,BNE
test_00930.png,MY
test_00931.png,MMY
test_00932.png,BNE
test_00933.png,BNE
test_00934.png,VLY
test_00935.png,SNE
test_00936.png,BNE
test_00937.png,BNE
test_00938.png,SNE
test_00939.png,PC
test_00940.png,BNE
test_00941.png,LY
test_00942.png,VLY
test_00943.png,BNE
test_00944.png,BNE
test_00945.png,BNE
test_00946.png,VLY
test_00947.png,BNE
test_00948.png,BNE
test_00949.png,SNE
test_00950.png,LY
test_00951.png,BNE
test_00952.png,BL
test_00953.png,BNE
test_00954.png,MY
test_00955.png,LY
test_00956.png,BNE
test_00957.png,BNE
test_00958.png,BNE
test_00959.png,BNE
test_00960.png,BNE
test_00961.png,MMY
test_00962.png,MMY
test_00963.png,LY
test_00964.png,VLY
test_00965.png,BNE
test_00966.png,SNE
test_00967.png,SNE
test_00968.png,MO
test_00969.png,VLY
test_00970.png,EO
test_00971.png,EO
test_00972.png,BNE
test_00973.png,SNE
test_00974.png,EO
test_00975.png,MMY
test_00976.png,BNE
test_00977.png,MY
test_00978.png,BNE
test_00979.png,EO
test_00980.png,BNE
test_00981.png,MMY
test_00982.png,VLY
test_00983.png,BNE
test_00984.png,BNE
test_00985.png,MY
test_00986.png,BNE
test_00987.png,BNE
test_00988.png,BNE
test_00989.png,EO
test_00990.png,BNE
test_00991.png,BNE
test_00992.png,BNE
test_00993.png,EO
test_00994.png,VLY
test_00995.png,LY
test_00996.png,BNE
test_00997.png,BNE
test_00998.png,VLY
test_00999.png,BNE
test_01000.png,BNE
test_01001.png,BL
test_01002.png,BNE
test_01003.png,MY
test_01004.png,BA
test_01005.png,PC
test_01006.png,MMY
test_01007.png,BNE
test_01008.png,BL
test_01009.png,BNE
test_01010.png,BNE
test_01011.png,LY
test_01012.png,SNE
test_01013.png,VLY
test_01014.png,MY
test_01015.png,MMY
test_01016.png,VLY
test_01017.png,BL
test_01018.png,LY
test_01019.png,MY
test_01020.png,SNE
test_01021.png,BNE
test_01022.png,BL
test_01023.png,BL
test_01024.png,BNE
test_01025.png,BNE
test_01026.png,VLY
test_01027.png,VLY
test_01028.png,BNE
test_01029.png,BNE
test_01030.png,PC
test_01031.png,BNE
test_01032.png,MMY
test_01033.png,MY
test_01034.png,BNE
test_01035.png,BNE
test_01036.png,BNE
test_01037.png,VLY
test_01038.png,MMY
test_01039.png,BNE
test_01040.png,LY
test_01041.png,SNE
test_01042.png,BNE
test_01043.png,BNE
test_01044.png,BNE
test_01045.png,SNE
test_01046.png,VLY
test_01047.png,BNE
test_01048.png,PC
test_01049.png,BNE
test_01050.png,BNE
test_01051.png,BNE
test_01052.png,BNE
test_01053.png,BNE
test_01054.png,BNE
test_01055.png,MO
test_01056.png,BNE
test_01057.png,LY
test_01058.png,MMY
test_01059.png,BNE
test_01060.png,LY
test_01061.png,BNE
test_01062.png,BNE
test_01063.png,VLY
test_01064.png,BNE
test_01065.png,BNE
test_01066.png,LY
test_01067.png,SNE
test_01068.png,EO
test_01069.png,LY
test_01070.png,PC
test_01071.png,BNE
test_01072.png,MY
test_01073.png,BNE
test_01074.png,BNE
test_01075.png,BNE
test_01076.png,BNE
test_01077.png,BNE
test_01078.png,LY
test_01079.png,LY
test_01080.png,MO
test_01081.png,VLY
test_01082.png,BNE
test_01083.png,BNE
test_01084.png,BNE
test_01085.png,BNE
test_01086.png,BNE
test_01087.png,MY
test_01088.png,SNE
test_01089.png,BNE
test_01090.png,LY
test_01091.png,MO
test_01092.png,MMY
test_01093.png,BNE
test_01094.png,LY
test_01095.png,BNE
test_01096.png,BNE
test_01097.png,BL
test_01098.png,LY
test_01099.png,BNE
test_01100.png,BNE
test_01101.png,MY
test_01102.png,BNE
test_01103.png,SNE
test_01104.png,LY
test_01105.png,LY
test_01106.png,BL
test_01107.png,SNE
test_01108.png,BNE
test_01109.png,MY
test_01110.png,BNE
test_01111.png,BNE
test_01112.png,MY
test_01113.png,VLY
test_01114.png,MMY
test_01115.png,MY
test_01116.png,SNE
test_01117.png,SNE
test_01118.png,BNE
test_01119.png,BNE
test_01120.png,BNE
test_01121.png,VLY
test_01122.png,MY
test_01123.png,LY
test_01124.png,SNE
test_01125.png,BNE
test_01126.png,EO
test_01127.png,BNE
test_01128.png,BNE
test_01129.png,BNE
test_01130.png,MY
test_01131.png,MMY
test_01132.png,SNE
test_01133.png,BNE
test_01134.png,SNE
test_01135.png,MO
test_01136.png,LY
test_01137.png,BNE
test_01138.png,BNE
test_01139.png,EO
test_01140.png,LY
test_01141.png,BNE
test_01142.png,VLY
test_01143.png,MY
test_01144.png,EO
test_01145.png,BNE
test_01146.png,BNE
test_01147.png,MMY
test_01148.png,BL
test_01149.png,MO
test_01150.png,LY
test_01151.png,PC
test_01152.png,SNE
test_01153.png,PC
test_01154.png,MY
test_01155.png,BNE
test_01156.png,VLY
test_01157.png,SNE
test_01158.png,BNE
test_01159.png,MO
test_01160.png,SNE
test_01161.png,PMY
test_01162.png,BA
test_01163.png,SNE
test_01164.png,BNE
test_01165.png,BNE
test_01166.png,MO
test_01167.png,LY
test_01168.png,MMY
test_01169.png,VLY
test_01170.png,BNE
test_01171.png,MY
test_01172.png,BNE
test_01173.png,LY
test_01174.png,BNE
test_01175.png,BA
test_01176.png,BA
test_01177.png,BNE
test_01178.png,LY
test_01179.png,MO
test_01180.png,PC
test_01181.png,BNE
test_01182.png,LY
test_01183.png,BL
test_01184.png,BNE
test_01185.png,BL
test_01186.png,BNE
test_01187.png,PC
test_01188.png,BL
test_01189.png,SNE
test_01190.png,BNE
test_01191.png,BNE
test_01192.png,EO
test_01193.png,LY
test_01194.png,BNE
test_01195.png,BNE
test_01196.png,BNE
test_01197.png,MY
test_01198.png,SNE
test_01199.png,LY
test_01200.png,BNE
test_01201.png,MMY
test_01202.png,LY
test_01203.png,SNE
test_01204.png,LY
test_01205.png,VLY
test_01206.png,BNE
test_01207.png,BNE
test_01208.png,LY
test_01209.png,MMY
test_01210.png,MY
test_01211.png,BNE
test_01212.png,BNE
test_01213.png,BNE
test_01214.png,SNE
test_01215.png,BNE
test_01216.png,VLY
test_01217.png,BNE
test_01218.png,VLY
test_01219.png,BNE
test_01220.png,BNE
test_01221.png,LY
test_01222.png,VLY
test_01223.png,SNE
test_01224.png,LY
test_01225.png,LY
test_01226.png,VLY
test_01227.png,BL
test_01228.png,SNE
test_01229.png,SNE
test_01230.png,MO
test_01231.png,MMY
test_01232.png,BNE
test_01233.png,BNE
test_01234.png,BL
test_01235.png,LY
test_01236.png,BNE
test_01237.png,EO
test_01238.png,MY
test_01239.png,BNE
test_01240.png,SNE
test_01241.png,LY
test_01242.png,SNE
test_01243.png,VLY
test_01244.png,VLY
test_01245.png,EO
test_01246.png,LY
test_01247.png,VLY
test_01248.png,LY
test_01249.png,LY
test_01250.png,VLY
test_01251.png,LY
test_01252.png,BNE
test_01253.png,BL
test_01254.png,BNE
test_01255.png,BNE
test_01256.png,BNE
test_01257.png,MO
test_01258.png,BNE
test_01259.png,MY
test_01260.png,BNE
test_01261.png,BA
test_01262.png,BA
test_01263.png,BL
test_01264.png,BA
test_01265.png,BNE
test_01266.png,BNE
test_01267.png,SNE
test_01268.png,BNE
test_01269.png,MMY
test_01270.png,BNE
test_01271.png,BNE
test_01272.png,BL
test_01273.png,BNE
test_01274.png,BNE
test_01275.png,BNE
test_01276.png,BNE
test_01277.png,MMY
test_01278.png,BNE
test_01279.png,LY
test_01280.png,BNE
test_01281.png,VLY
test_01282.png,BNE
test_01283.png,SNE
test_01284.png,VLY
test_01285.png,LY
test_01286.png,BNE
test_01287.png,VLY
test_01288.png,MY
test_01289.png,BNE
test_01290.png,BNE
test_01291.png,MY
test_01292.png,SNE
test_01293.png,BNE
test_01294.png,SNE
test_01295.png,BA
test_01296.png,BNE
test_01297.png,VLY
test_01298.png,MMY
test_01299.png,BL
test_01300.png,BNE
test_01301.png,PMY
test_01302.png,BNE
test_01303.png,BL
test_01304.png,VLY
test_01305.png,BNE
test_01306.png,SNE
test_01307.png,MO
test_01308.png,LY
test_01309.png,BNE
test_01310.png,BNE
test_01311.png,MMY
test_01312.png,MY
test_01313.png,PC
test_01314.png,LY
test_01315.png,BNE
test_01316.png,BNE
test_01317.png,BNE
test_01318.png,MY
test_01319.png,MY
test_01320.png,SNE
test_01321.png,SNE
test_01322.png,BNE
test_01323.png,PLY
test_01324.png,BNE
test_01325.png,LY
test_01326.png,PC
test_01327.png,BNE
test_01328.png,MMY
test_01329.png,LY
test_01330.png,MY
test_01331.png,VLY
test_01332.png,BNE
test_01333.png,MY
test_01334.png,MY
test_01335.png,BNE
test_01336.png,BNE
test_01337.png,LY
test_01338.png,VLY
test_01339.png,PC
test_01340.png,MY
test_01341.png,SNE
test_01342.png,BNE
test_01343.png,LY
test_01344.png,BNE
test_01345.png,LY
test_01346.png,LY
test_01347.png,BNE
test_01348.png,MMY
test_01349.png,BL
test_01350.png,VLY
test_01351.png,BNE
test_01352.png,MMY
test_01353.png,MO
test_01354.png,BL
test_01355.png,MO
test_01356.png,VLY
test_01357.png,MMY
test_01358.png,BNE
test_01359.png,BNE
test_01360.png,BNE
test_01361.png,MY
test_01362.png,MY
test_01363.png,SNE
test_01364.png,PC
test_01365.png,BNE
test_01366.png,VLY
test_01367.png,PMY
test_01368.png,BNE
test_01369.png,BNE
test_01370.png,BNE
test_01371.png,BL
test_01372.png,BNE
test_01373.png,BNE
test_01374.png,LY
test_01375.png,LY
test_01376.png,BA
test_01377.png,BNE
test_01378.png,BL
test_01379.png,BNE
test_01380.png,BNE
test_01381.png,MMY
test_01382.png,SNE
test_01383.png,VLY
test_01384.png,PC
test_01385.png,BL
test_01386.png,BNE
test_01387.png,BNE
test_01388.png,BNE
test_01389.png,SNE
test_01390.png,BA
test_01391.png,PC
test_01392.png,VLY
test_01393.png,BNE
test_01394.png,BA
test_01395.png,BNE
test_01396.png,SNE
test_01397.png,BNE
test_01398.png,BNE
test_01399.png,SNE
test_01400.png,VLY
test_01401.png,BNE
test_01402.png,BNE
test_01403.png,SNE
test_01404.png,MMY
test_01405.png,MY
test_01406.png,PLY
test_01407.png,BNE
test_01408.png,MMY
test_01409.png,BL
test_01410.png,LY
test_01411.png,BNE
test_01412.png,BNE
test_01413.png,EO
test_01414.png,BNE
test_01415.png,LY
test_01416.png,SNE
test_01417.png,BNE
test_01418.png,BNE
test_01419.png,BA
test_01420.png,BNE
test_01421.png,BNE
test_01422.png,PC
test_01423.png,BNE
test_01424.png,BNE
test_01425.png,VLY
test_01426.png,BA
test_01427.png,BNE
test_01428.png,LY
test_01429.png,MO
test_01430.png,MMY
test_01431.png,VLY
test_01432.png,BNE
test_01433.png,VLY
test_01434.png,MMY
test_01435.png,BNE
test_01436.png,VLY
test_01437.png,LY
test_01438.png,LY
test_01439.png,BNE
test_01440.png,BNE
test_01441.png,LY
test_01442.png,BNE
test_01443.png,VLY
test_01444.png,PC
test_01445.png,BL
test_01446.png,BNE
test_01447.png,BNE
test_01448.png,BNE
test_01449.png,BL
test_01450.png,PLY
test_01451.png,BL
test_01452.png,SNE
test_01453.png,VLY
test_01454.png,MO
test_01455.png,SNE
test_01456.png,MY
test_01457.png,SNE
test_01458.png,LY
test_01459.png,BNE
test_01460.png,BNE
test_01461.png,BA
test_01462.png,LY
test_01463.png,SNE
test_01464.png,LY
test_01465.png,BNE
test_01466.png,LY
test_01467.png,MY
test_01468.png,BNE
test_01469.png,BNE
test_01470.png,BL
test_01471.png,EO
test_01472.png,BNE
test_01473.png,VLY
test_01474.png,BNE
test_01475.png,EO
test_01476.png,SNE
test_01477.png,BNE
test_01478.png,BNE
test_01479.png,MMY
test_01480.png,BNE
test_01481.png,BNE
test_01482.png,BNE
test_01483.png,MMY
test_01484.png,BL
test_01485.png,BNE
test_01486.png,SNE
test_01487.png,MY
test_01488.png,BNE
test_01489.png,BL
test_01490.png,BNE
test_01491.png,MMY
test_01492.png,MMY
test_01493.png,BNE
test_01494.png,BL
test_01495.png,BNE
test_01496.png,EO
test_01497.png,SNE
test_01498.png,LY
test_01499.png,VLY
test_01500.png,MMY
test_01501.png,MY
test_01502.png,LY
test_01503.png,MMY
test_01504.png,BL
test_01505.png,BNE
test_01506.png,EO
test_01507.png,EO
test_01508.png,BL
test_01509.png,BNE
test_01510.png,VLY
test_01511.png,SNE
test_01512.png,LY
test_01513.png,EO
test_01514.png,MMY
test_01515.png,BL
test_01516.png,MO
test_01517.png,MY
test_01518.png,BA
test_01519.png,SNE
test_01520.png,BNE
test_01521.png,BNE
test_01522.png,BNE
test_01523.png,BNE
test_01524.png,BNE
test_01525.png,SNE
test_01526.png,PC
test_01527.png,MO
test_01528.png,BNE
test_01529.png,BNE
test_01530.png,EO
test_01531.png,LY
test_01532.png,LY
test_01533.png,MY
test_01534.png,BNE
test_01535.png,BNE
test_01536.png,BL
test_01537.png,BNE
test_01538.png,LY
test_01539.png,BNE
test_01540.png,BNE
test_01541.png,MMY
test_01542.png,PC
test_01543.png,BNE
test_01544.png,PC
test_01545.png,LY
test_01546.png,SNE
test_01547.png,BL
test_01548.png,BNE
test_01549.png,PMY
test_01550.png,LY
test_01551.png,BNE
test_01552.png,BNE
test_01553.png,LY
test_01554.png,SNE
test_01555.png,EO
test_01556.png,BNE
test_01557.png,BNE
test_01558.png,BNE
test_01559.png,LY
test_01560.png,BNE
test_01561.png,BNE
test_01562.png,EO
test_01563.png,BNE
test_01564.png,BNE
test_01565.png,PMY
test_01566.png,BNE
test_01567.png,VLY
test_01568.png,BNE
test_01569.png,LY
test_01570.png,BNE
test_01571.png,MY
test_01572.png,EO
test_01573.png,EO
test_01574.png,BNE
test_01575.png,LY
test_01576.png,BNE
test_01577.png,PC
test_01578.png,BL
test_01579.png,BA
test_01580.png,SNE
test_01581.png,MY
test_01582.png,MMY
test_01583.png,BNE
test_01584.png,LY
test_01585.png,VLY
test_01586.png,BNE
test_01587.png,BL
test_01588.png,BNE
test_01589.png,EO
test_01590.png,BNE
test_01591.png,EO
test_01592.png,BNE
test_01593.png,VLY
test_01594.png,BNE
test_01595.png,SNE
test_01596.png,LY
test_01597.png,BNE
test_01598.png,BNE
test_01599.png,PC
test_01600.png,SNE
test_01601.png,LY
test_01602.png,BA
test_01603.png,SNE
test_01604.png,VLY
test_01605.png,BL
test_01606.png,BNE
test_01607.png,BL
test_01608.png,BNE
test_01609.png,PC
test_01610.png,BNE
test_01611.png,BNE
test_01612.png,LY
test_01613.png,VLY
test_01614.png,MO
test_01615.png,VLY
test_01616.png,VLY
test_01617.png,VLY
test_01618.png,MY
test_01619.png,MY
test_01620.png,SNE
test_01621.png,BNE
test_01622.png,EO
test_01623.png,MMY
test_01624.png,PLY
test_01625.png,LY
test_01626.png,BNE
test_01627.png,SNE
test_01628.png,BNE
test_01629.png,BL
test_01630.png,BNE
test_01631.png,VLY
test_01632.png,VLY
test_01633.png,BL
test_01634.png,SNE
test_01635.png,BNE
test_01636.png,BNE
test_01637.png,SNE
test_01638.png,BNE
test_01639.png,MY
test_01640.png,VLY
test_01641.png,MMY
test_01642.png,VLY
test_01643.png,BNE
test_01644.png,BA
test_01645.png,LY
test_01646.png,PC
test_01647.png,BA
test_01648.png,EO
test_01649.png,EO
test_01650.png,BNE
test_01651.png,BNE
test_01652.png,BL
test_01653.png,MMY
test_01654.png,EO
test_01655.png,MMY
test_01656.png,PC
test_01657.png,BNE
test_01658.png,SNE
test_01659.png,BA
test_01660.png,LY
test_01661.png,VLY
test_01662.png,LY
test_01663.png,BNE
test_01664.png,BL
test_01665.png,BNE
test_01666.png,VLY
test_01667.png,BNE
test_01668.png,SNE
test_01669.png,MY
test_01670.png,BNE
test_01671.png,VLY
test_01672.png,SNE
test_01673.png,BNE
test_01674.png,LY
test_01675.png,BNE
test_01676.png,PC
test_01677.png,MO
test_01678.png,BNE
test_01679.png,LY
test_01680.png,EO
test_01681.png,VLY
test_01682.png,MMY
test_01683.png,LY
test_01684.png,BNE
test_01685.png,BNE
test_01686.png,PC
test_01687.png,SNE
test_01688.png,BNE
test_01689.png,MY
test_01690.png,BNE
test_01691.png,BNE
test_01692.png,SNE
test_01693.png,BNE
test_01694.png,BNE
test_01695.png,BL
test_01696.png,BNE
test_01697.png,LY
test_01698.png,VLY
test_01699.png,BNE
test_01700.png,BNE
test_01701.png,EO
test_01702.png,BNE
test_01703.png,MO
test_01704.png,BNE
test_01705.png,BNE
test_01706.png,BNE
test_01707.png,VLY
test_01708.png,BL
test_01709.png,SNE
test_01710.png,BNE
test_01711.png,SNE
test_01712.png,MMY
test_01713.png,SNE
test_01714.png,PC
test_01715.png,MMY
test_01716.png,BNE
test_01717.png,VLY
test_01718.png,SNE
test_01719.png,BL
test_01720.png,MMY
test_01721.png,LY
test_01722.png,LY
test_01723.png,VLY
test_01724.png,BNE
test_01725.png,BNE
test_01726.png,PMY
test_01727.png,LY
test_01728.png,MY
test_01729.png,MY
test_01730.png,BNE
test_01731.png,BNE
test_01732.png,VLY
test_01733.png,BNE
test_01734.png,VLY
test_01735.png,BNE
test_01736.png,BNE
test_01737.png,PMY
test_01738.png,PC
test_01739.png,BA
test_01740.png,BNE
test_01741.png,MY
test_01742.png,LY
test_01743.png,BNE
test_01744.png,VLY
test_01745.png,LY
test_01746.png,BNE
test_01747.png,LY
test_01748.png,BNE
test_01749.png,BNE
test_01750.png,BNE
test_01751.png,BA
test_01752.png,SNE
test_01753.png,BNE
test_01754.png,SNE
test_01755.png,BNE
test_01756.png,BNE
test_01757.png,BNE
test_01758.png,BL
test_01759.png,MMY
test_01760.png,BNE
test_01761.png,BNE
test_01762.png,BNE
test_01763.png,LY
test_01764.png,BNE
test_01765.png,SNE
test_01766.png,BNE
test_01767.png,VLY
test_01768.png,BNE
test_01769.png,BNE
test_01770.png,SNE
test_01771.png,PC
test_01772.png,BNE
test_01773.png,MMY
test_01774.png,BL
test_01775.png,MO
test_01776.png,BNE
test_01777.png,BNE
test_01778.png,EO
test_01779.png,MMY
test_01780.png,BNE
test_01781.png,SNE
test_01782.png,BNE
test_01783.png,BNE
test_01784.png,BL
test_01785.png,BNE
test_01786.png,BNE
test_01787.png,BNE
test_01788.png,LY
test_01789.png,VLY
test_01790.png,LY
test_01791.png,SNE
test_01792.png,VLY
test_01793.png,SNE
test_01794.png,BNE
test_01795.png,MY
test_01796.png,BNE
test_01797.png,PC
test_01798.png,BNE
test_01799.png,LY
test_01800.png,BNE
test_01801.png,BNE
test_01802.png,SNE
test_01803.png,LY
test_01804.png,BNE
test_01805.png,MY
test_01806.png,BA
test_01807.png,SNE
test_01808.png,BNE
test_01809.png,BA
test_01810.png,BNE
test_01811.png,BNE
test_01812.png,BNE
test_01813.png,LY
test_01814.png,MO
test_01815.png,MY
test_01816.png,SNE
test_01817.png,VLY
test_01818.png,VLY
test_01819.png,VLY
test_01820.png,BA
test_01821.png,MY
test_01822.png,BA
test_01823.png,BL
test_01824.png,BNE
test_01825.png,BNE
test_01826.png,LY
test_01827.png,BNE
test_01828.png,VLY
test_01829.png,SNE
test_01830.png,BNE
test_01831.png,BNE
test_01832.png,MY
test_01833.png,LY
test_01834.png,BNE
test_01835.png,MY
test_01836.png,BNE
test_01837.png,BNE
test_01838.png,SNE
test_01839.png,BL
test_01840.png,PC
test_01841.png,BNE
test_01842.png,BNE
test_01843.png,EO
test_01844.png,BNE
test_01845.png,BNE
test_01846.png,EO
test_01847.png,BNE
test_01848.png,BNE
test_01849.png,BNE
test_01850.png,BNE
test_01851.png,BNE
test_01852.png,LY
test_01853.png,VLY
test_01854.png,SNE
test_01855.png,SNE
test_01856.png,BNE
test_01857.png,LY
test_01858.png,SNE
test_01859.png,MY
test_01860.png,BNE
test_01861.png,BNE
test_01862.png,MY
test_01863.png,BNE
test_01864.png,VLY
test_01865.png,MY
test_01866.png,VLY
test_01867.png,BNE
test_01868.png,BNE
test_01869.png,BL
test_01870.png,MMY
test_01871.png,BNE
test_01872.png,BNE
test_01873.png,BNE
test_01874.png,LY
test_01875.png,BNE
test_01876.png,BNE
test_01877.png,LY
test_01878.png,SNE
test_01879.png,BNE
test_01880.png,EO
test_01881.png,BNE
test_01882.png,SNE
test_01883.png,BNE
test_01884.png,LY
test_01885.png,PC
test_01886.png,LY
test_01887.png,BNE
test_01888.png,LY
test_01889.png,BNE
test_01890.png,BNE
test_01891.png,BNE
test_01892.png,PLY
test_01893.png,BNE
test_01894.png,BL
test_01895.png,VLY
test_01896.png,MY
test_01897.png,BNE
test_01898.png,BNE
test_01899.png,MMY
test_01900.png,BL
test_01901.png,BNE
test_01902.png,BNE
test_01903.png,BNE
test_01904.png,MY
test_01905.png,BA
test_01906.png,EO
test_01907.png,LY
test_01908.png,BNE
test_01909.png,MO
test_01910.png,BNE
test_01911.png,MY
test_01912.png,LY
test_01913.png,BNE
test_01914.png,BNE
test_01915.png,MMY
test_01916.png,MMY
test_01917.png,LY
test_01918.png,MY
test_01919.png,VLY
test_01920.png,BNE
test_01921.png,BNE
test_01922.png,BNE
test_01923.png,BNE
test_01924.png,PC
test_01925.png,BNE
test_01926.png,BNE
test_01927.png,BNE
test_01928.png,LY
test_01929.png,PC
test_01930.png,BNE
test_01931.png,SNE
test_01932.png,BL
test_01933.png,BNE
test_01934.png,SNE
test_01935.png,VLY
test_01936.png,BNE
test_01937.png,MO
test_01938.png,SNE
test_01939.png,LY
test_01940.png,MMY
test_01941.png,BNE
test_01942.png,VLY
test_01943.png,LY
test_01944.png,BNE
test_01945.png,VLY
test_01946.png,SNE
test_01947.png,BL
test_01948.png,SNE
test_01949.png,BNE
test_01950.png,BNE
test_01951.png,BNE
test_01952.png,VLY
test_01953.png,BNE
test_01954.png,VLY
test_01955.png,SNE
test_01956.png,BNE
test_01957.png,BNE
test_01958.png,EO
test_01959.png,VLY
test_01960.png,EO
test_01961.png,MY
test_01962.png,VLY
test_01963.png,BNE
test_01964.png,LY
test_01965.png,BNE
test_01966.png,LY
test_01967.png,EO
test_01968.png,BNE
test_01969.png,EO
test_01970.png,BL
test_01971.png,MY
test_01972.png,LY
test_01973.png,EO
test_01974.png,VLY
test_01975.png,MY
test_01976.png,BNE
test_01977.png,SNE
test_01978.png,LY
test_01979.png,BNE
test_01980.png,BNE
test_01981.png,SNE
test_01982.png,MY
test_01983.png,LY
test_01984.png,BNE
test_01985.png,BNE
test_01986.png,LY
test_01987.png,VLY
test_01988.png,BNE
test_01989.png,BNE
test_01990.png,MY
test_01991.png,SNE
test_01992.png,BNE
test_01993.png,BA
test_01994.png,BNE
test_01995.png,MMY
test_01996.png,BNE
test_01997.png,VLY
test_01998.png,EO
test_01999.png,LY
test_02000.png,LY
test_02001.png,BL
test_02002.png,EO
test_02003.png,BL
test_02004.png,BNE
test_02005.png,SNE
test_02006.png,BNE
test_02007.png,LY
test_02008.png,BL
test_02009.png,EO
test_02010.png,BNE
test_02011.png,SNE
test_02012.png,BNE
test_02013.png,BL
test_02014.png,BNE
test_02015.png,VLY
test_02016.png,LY
test_02017.png,PC
test_02018.png,BNE
test_02019.png,BL
test_02020.png,BL
test_02021.png,VLY
test_02022.png,LY
test_02023.png,LY
test_02024.png,BNE
test_02025.png,BNE
test_02026.png,LY
test_02027.png,BNE
test_02028.png,BNE
test_02029.png,LY
test_02030.png,VLY
test_02031.png,MY
test_02032.png,MMY
test_02033.png,BNE
test_02034.png,LY
test_02035.png,BNE
test_02036.png,VLY
test_02037.png,BNE
test_02038.png,BNE
test_02039.png,MMY
test_02040.png,BL
test_02041.png,MMY
test_02042.png,BNE
test_02043.png,BNE
test_02044.png,PC
test_02045.png,SNE
test_02046.png,SNE
test_02047.png,BNE
test_02048.png,BNE
test_02049.png,BNE
test_02050.png,MMY
test_02051.png,BNE
test_02052.png,VLY
test_02053.png,MMY
test_02054.png,LY
test_02055.png,BNE
test_02056.png,BNE
test_02057.png,LY
test_02058.png,SNE
test_02059.png,BNE
test_02060.png,BA
test_02061.png,MO
test_02062.png,BNE
test_02063.png,LY
test_02064.png,BNE
test_02065.png,LY
test_02066.png,BNE
test_02067.png,LY
test_02068.png,VLY
test_02069.png,LY
test_02070.png,VLY
test_02071.png,BNE
test_02072.png,PC
test_02073.png,BNE
test_02074.png,BNE
test_02075.png,SNE
test_02076.png,BL
test_02077.png,EO
test_02078.png,BNE
test_02079.png,BNE
test_02080.png,BNE
test_02081.png,MO
test_02082.png,BNE
test_02083.png,MY
test_02084.png,MMY
test_02085.png,BNE
test_02086.png,MMY
test_02087.png,BNE
test_02088.png,SNE
test_02089.png,LY
test_02090.png,BNE
test_02091.png,BNE
test_02092.png,BNE
test_02093.png,BNE
test_02094.png,EO
test_02095.png,BNE
test_02096.png,EO
test_02097.png,BNE
test_02098.png,BNE
test_02099.png,BA
test_02100.png,BA
test_02101.png,BL
test_02102.png,SNE
test_02103.png,LY
test_02104.png,BNE
test_02105.png,BNE
test_02106.png,LY
test_02107.png,PMY
test_02108.png,EO
test_02109.png,BNE
test_02110.png,BNE
test_02111.png,LY
test_02112.png,MY
test_02113.png,MO
test_02114.png,BA
test_02115.png,EO
test_02116.png,LY
test_02117.png,LY
test_02118.png,VLY
test_02119.png,BNE
test_02120.png,BNE
test_02121.png,LY
test_02122.png,BL
test_02123.png,LY
test_02124.png,BNE
test_02125.png,BL
test_02126.png,BL
test_02127.png,BNE
test_02128.png,BNE
test_02129.png,BNE
test_02130.png,LY
test_02131.png,SNE
test_02132.png,BNE
test_02133.png,BNE
test_02134.png,VLY
test_02135.png,VLY
test_02136.png,BL
test_02137.png,BNE
test_02138.png,BL
test_02139.png,SNE
test_02140.png,EO
test_02141.png,EO
test_02142.png,VLY
test_02143.png,BNE
test_02144.png,VLY
test_02145.png,BNE
test_02146.png,BNE
test_02147.png,BNE
test_02148.png,BNE
test_02149.png,SNE
test_02150.png,VLY
test_02151.png,BNE
test_02152.png,BNE
test_02153.png,BNE
test_02154.png,BA
test_02155.png,LY
test_02156.png,BNE
test_02157.png,BNE
test_02158.png,BL
test_02159.png,MMY
test_02160.png,MO
test_02161.png,BNE
test_02162.png,SNE
test_02163.png,LY
test_02164.png,SNE
test_02165.png,LY
test_02166.png,LY
test_02167.png,MMY
test_02168.png,LY
test_02169.png,MMY
test_02170.png,VLY
test_02171.png,BNE
test_02172.png,BNE
test_02173.png,BNE
test_02174.png,BNE
test_02175.png,LY
test_02176.png,EO
test_02177.png,LY
test_02178.png,BNE
test_02179.png,BNE
test_02180.png,MO
test_02181.png,LY
test_02182.png,SNE
test_02183.png,SNE
test_02184.png,BNE
test_02185.png,MMY
test_02186.png,BNE
test_02187.png,LY
test_02188.png,BNE
test_02189.png,VLY
test_02190.png,SNE
test_02191.png,BNE
test_02192.png,EO
test_02193.png,BNE
test_02194.png,SNE
test_02195.png,BNE
test_02196.png,SNE
test_02197.png,BNE
test_02198.png,LY
test_02199.png,LY
test_02200.png,BNE
test_02201.png,BNE
test_02202.png,LY
test_02203.png,BNE
test_02204.png,BNE
test_02205.png,PC
test_02206.png,PC
test_02207.png,SNE
test_02208.png,VLY
test_02209.png,VLY
test_02210.png,SNE
test_02211.png,VLY
test_02212.png,LY
test_02213.png,MY
test_02214.png,MMY
test_02215.png,MY
test_02216.png,MY
test_02217.png,BNE
test_02218.png,BNE
test_02219.png,BNE
test_02220.png,VLY
test_02221.png,MMY
test_02222.png,SNE
test_02223.png,BNE
test_02224.png,BNE
test_02225.png,MO
test_02226.png,LY
test_02227.png,BNE
test_02228.png,SNE
test_02229.png,VLY
test_02230.png,PC
test_02231.png,BNE
test_02232.png,BL
test_02233.png,BNE
test_02234.png,BNE
test_02235.png,BNE
test_02236.png,BNE
test_02237.png,SNE
test_02238.png,BNE
test_02239.png,VLY
test_02240.png,SNE
test_02241.png,BNE
test_02242.png,BNE
test_02243.png,BNE
test_02244.png,EO
test_02245.png,EO
test_02246.png,BNE
test_02247.png,BNE
test_02248.png,VLY
test_02249.png,SNE
test_02250.png,BNE
test_02251.png,MY
test_02252.png,BNE
test_02253.png,EO
test_02254.png,VLY
test_02255.png,SNE
test_02256.png,BNE
test_02257.png,MMY
test_02258.png,LY
test_02259.png,MMY
test_02260.png,BNE
test_02261.png,BNE
test_02262.png,BNE
test_02263.png,BL
test_02264.png,BNE
test_02265.png,BNE
test_02266.png,MY
test_02267.png,EO
test_02268.png,SNE
test_02269.png,BNE
test_02270.png,BNE
test_02271.png,VLY
test_02272.png,SNE
test_02273.png,SNE
test_02274.png,VLY
test_02275.png,VLY
test_02276.png,BNE
test_02277.png,BNE
test_02278.png,MY
test_02279.png,BNE
test_02280.png,SNE
test_02281.png,BNE
test_02282.png,BNE
test_02283.png,SNE
test_02284.png,BNE
test_02285.png,EO
test_02286.png,SNE
test_02287.png,SNE
test_02288.png,SNE
test_02289.png,BNE
test_02290.png,SNE
test_02291.png,BL
test_02292.png,MO
test_02293.png,PC
test_02294.png,SNE
test_02295.png,BL
test_02296.png,LY
test_02297.png,BNE
test_02298.png,BA
test_02299.png,BNE
test_02300.png,VLY
test_02301.png,BNE
test_02302.png,BNE
test_02303.png,PMY
test_02304.png,BNE
test_02305.png,VLY
test_02306.png,BNE
test_02307.png,BNE
test_02308.png,LY
test_02309.png,BL
test_02310.png,LY
test_02311.png,BNE
test_02312.png,MY
test_02313.png,MY
test_02314.png,EO
test_02315.png,BA
test_02316.png,SNE
test_02317.png,BNE
test_02318.png,SNE
test_02319.png,BL
test_02320.png,BNE
test_02321.png,BNE
test_02322.png,VLY
test_02323.png,MO
test_02324.png,BNE
test_02325.png,BNE
test_02326.png,MMY
test_02327.png,EO
test_02328.png,BNE
test_02329.png,BNE
test_02330.png,LY
test_02331.png,BNE
test_02332.png,BA
test_02333.png,MY
test_02334.png,LY
test_02335.png,BNE
test_02336.png,MMY
test_02337.png,BNE
test_02338.png,BNE
test_02339.png,BL
test_02340.png,VLY
test_02341.png,BNE
test_02342.png,BNE
test_02343.png,LY
test_02344.png,BNE
test_02345.png,BNE
test_02346.png,BNE
test_02347.png,BNE
test_02348.png,BNE
test_02349.png,LY
test_02350.png,MO
test_02351.png,LY
test_02352.png,MMY
test_02353.png,BNE
test_02354.png,LY
test_02355.png,BNE
test_02356.png,VLY
test_02357.png,SNE
test_02358.png,MO
test_02359.png,SNE
test_02360.png,BL
test_02361.png,VLY
test_02362.png,LY
test_02363.png,BNE
test_02364.png,BL
test_02365.png,MO
test_02366.png,BNE
test_02367.png,BL
test_02368.png,LY
test_02369.png,BL
test_02370.png,SNE
test_02371.png,LY
test_02372.png,BL
test_02373.png,BNE
test_02374.png,BNE
test_02375.png,BNE
test_02376.png,BNE
test_02377.png,BNE
test_02378.png,BNE
test_02379.png,BNE
test_02380.png,VLY
test_02381.png,BA
test_02382.png,BNE
test_02383.png,BNE
test_02384.png,SNE
test_02385.png,MY
test_02386.png,MMY
test_02387.png,MO
test_02388.png,BNE
test_02389.png,BA
test_02390.png,MMY
test_02391.png,MY
test_02392.png,MO
test_02393.png,BNE
test_02394.png,BNE
test_02395.png,BL
test_02396.png,EO
test_02397.png,SNE
test_02398.png,BNE
test_02399.png,VLY
test_02400.png,LY
test_02401.png,BNE
test_02402.png,PMY
test_02403.png,SNE
test_02404.png,LY
test_02405.png,BNE
test_02406.png,VLY
test_02407.png,SNE
test_02408.png,BNE
test_02409.png,BL
test_02410.png,EO
test_02411.png,LY
test_02412.png,BA
test_02413.png,BNE
test_02414.png,VLY
test_02415.png,BNE
test_02416.png,BL
test_02417.png,MMY
test_02418.png,BNE
test_02419.png,BNE
test_02420.png,BNE
test_02421.png,SNE
test_02422.png,MY
test_02423.png,MMY
test_02424.png,LY
test_02425.png,LY
test_02426.png,BNE
test_02427.png,MMY
test_02428.png,MY
test_02429.png,LY
test_02430.png,EO
test_02431.png,BNE
test_02432.png,BNE
test_02433.png,MMY
test_02434.png,BNE
test_02435.png,BNE
test_02436.png,BL
test_02437.png,BNE
test_02438.png,VLY
test_02439.png,BNE
test_02440.png,BNE
test_02441.png,MY
test_02442.png,BNE
test_02443.png,MY
test_02444.png,BNE
test_02445.png,MO
test_02446.png,BL
test_02447.png,SNE
test_02448.png,SNE
test_02449.png,BNE
test_02450.png,BL
test_02451.png,BNE
test_02452.png,SNE
test_02453.png,SNE
test_02454.png,BA
test_02455.png,BNE
test_02456.png,MMY
test_02457.png,VLY
test_02458.png,BNE
test_02459.png,BNE
test_02460.png,BNE
test_02461.png,BL
test_02462.png,SNE
test_02463.png,BL
test_02464.png,LY
test_02465.png,BNE
test_02466.png,BNE
test_02467.png,BNE
test_02468.png,SNE
test_02469.png,BNE
test_02470.png,BNE
test_02471.png,BNE
test_02472.png,BNE
test_02473.png,PC
test_02474.png,MY
test_02475.png,SNE
test_02476.png,LY
test_02477.png,LY
test_02478.png,BNE
test_02479.png,MMY
test_02480.png,PC
test_02481.png,LY
test_02482.png,PC
test_02483.png,PC
test_02484.png,SNE
test_02485.png,BNE
test_02486.png,SNE
test_02487.png,BNE
test_02488.png,SNE
test_02489.png,BNE
test_02490.png,PC
test_02491.png,BNE
test_02492.png,BNE
test_02493.png,BNE
test_02494.png,VLY
test_02495.png,BNE
test_02496.png,LY
test_02497.png,VLY
test_02498.png,BA
test_02499.png,LY
test_02500.png,VLY
test_02501.png,EO
test_02502.png,BNE
test_02503.png,BNE
test_02504.png,BNE
test_02505.png,LY
test_02506.png,BNE
test_02507.png,VLY
test_02508.png,SNE
test_02509.png,MMY
test_02510.png,BNE
test_02511.png,BNE
test_02512.png,BNE
test_02513.png,BL
test_02514.png,VLY
test_02515.png,VLY
test_02516.png,SNE
test_02517.png,BA
test_02518.png,SNE
test_02519.png,BNE
test_02520.png,BNE
test_02521.png,MMY
test_02522.png,BNE
test_02523.png,VLY
test_02524.png,LY
test_02525.png,BNE
test_02526.png,BNE
test_02527.png,BNE
test_02528.png,SNE
test_02529.png,BNE
test_02530.png,BNE
test_02531.png,VLY
test_02532.png,LY
test_02533.png,LY
test_02534.png,SNE
test_02535.png,MY
test_02536.png,EO
test_02537.png,LY
test_02538.png,EO
test_02539.png,MMY
test_02540.png,MY
test_02541.png,SNE
test_02542.png,PC
test_02543.png,LY
test_02544.png,SNE
test_02545.png,MO
test_02546.png,BNE
test_02547.png,BNE
test_02548.png,BNE
test_02549.png,VLY
test_02550.png,MO
test_02551.png,BNE
test_02552.png,PC
test_02553.png,MMY
test_02554.png,PC
test_02555.png,BNE
test_02556.png,LY
test_02557.png,BNE
test_02558.png,BNE
test_02559.png,BNE
test_02560.png,MMY
test_02561.png,LY
test_02562.png,BA
test_02563.png,BNE
test_02564.png,LY
test_02565.png,BNE
test_02566.png,VLY
test_02567.png,BNE
test_02568.png,BNE
test_02569.png,SNE
test_02570.png,LY
test_02571.png,LY
test_02572.png,BNE
test_02573.png,BNE
test_02574.png,BNE
test_02575.png,VLY
test_02576.png,BNE
test_02577.png,SNE
test_02578.png,BNE
test_02579.png,LY
test_02580.png,BNE
test_02581.png,LY
test_02582.png,BNE
test_02583.png,PC
test_02584.png,VLY
test_02585.png,BNE
test_02586.png,LY
test_02587.png,LY
test_02588.png,MMY
test_02589.png,LY
test_02590.png,BNE
test_02591.png,MY
test_02592.png,MY
test_02593.png,MO
test_02594.png,BL
test_02595.png,BNE
test_02596.png,MY
test_02597.png,MY
test_02598.png,VLY
test_02599.png,MO
test_02600.png,VLY
test_02601.png,MMY
test_02602.png,LY
test_02603.png,BNE
test_02604.png,BNE
test_02605.png,PLY
test_02606.png,MY
test_02607.png,MO
test_02608.png,BNE
test_02609.png,EO
test_02610.png,EO
test_02611.png,MY
test_02612.png,BNE
test_02613.png,BNE
test_02614.png,SNE
test_02615.png,BNE
test_02616.png,BNE
test_02617.png,LY
test_02618.png,BNE
test_02619.png,BNE
test_02620.png,LY
test_02621.png,EO
test_02622.png,EO
test_02623.png,BNE
test_02624.png,BNE
test_02625.png,LY
test_02626.png,BNE
test_02627.png,BNE
test_02628.png,VLY
test_02629.png,MMY
test_02630.png,BNE
test_02631.png,BNE
test_02632.png,EO
test_02633.png,BNE
test_02634.png,MY
test_02635.png,SNE
test_02636.png,VLY
test_02637.png,EO
test_02638.png,MY
test_02639.png,BNE
test_02640.png,LY
test_02641.png,BNE
test_02642.png,LY
test_02643.png,BL
test_02644.png,BL
test_02645.png,BNE
test_02646.png,MY
test_02647.png,VLY
test_02648.png,BNE
test_02649.png,BNE
test_02650.png,BNE
test_02651.png,MO
test_02652.png,BL
test_02653.png,BNE
test_02654.png,BNE
test_02655.png,VLY
test_02656.png,BNE
test_02657.png,VLY
test_02658.png,BNE
test_02659.png,EO
test_02660.png,EO
test_02661.png,BNE
test_02662.png,LY
test_02663.png,MMY
test_02664.png,BNE
test_02665.png,SNE
test_02666.png,MO
test_02667.png,BNE
test_02668.png,PMY
test_02669.png,PC
test_02670.png,MY
test_02671.png,BNE
test_02672.png,BNE
test_02673.png,MY
test_02674.png,MY
test_02675.png,BL
test_02676.png,EO
test_02677.png,BNE
test_02678.png,BA
test_02679.png,BNE
test_02680.png,EO
test_02681.png,MO
test_02682.png,BNE
test_02683.png,VLY
test_02684.png,BNE
test_02685.png,VLY
test_02686.png,PC
test_02687.png,BNE
test_02688.png,EO
test_02689.png,MY
test_02690.png,VLY
test_02691.png,SNE
test_02692.png,MY
test_02693.png,VLY
test_02694.png,BNE
test_02695.png,MMY
test_02696.png,LY
test_02697.png,MY
test_02698.png,BNE
test_02699.png,MMY
test_02700.png,PC
test_02701.png,VLY
test_02702.png,MMY
test_02703.png,LY
test_02704.png,LY
test_02705.png,BNE
test_02706.png,BL
test_02707.png,LY
test_02708.png,SNE
test_02709.png,BNE
test_02710.png,BNE
test_02711.png,BNE
test_02712.png,BNE
test_02713.png,SNE
test_02714.png,SNE
test_02715.png,LY
test_02716.png,BNE
test_02717.png,BNE
test_02718.png,BNE
test_02719.png,PC
test_02720.png,MY
test_02721.png,BNE
test_02722.png,EO
test_02723.png,BNE
test_02724.png,VLY
test_02725.png,BNE
test_02726.png,VLY
test_02727.png,MY
test_02728.png,MY
test_02729.png,BNE
test_02730.png,MY
test_02731.png,BNE
test_02732.png,BNE
test_02733.png,MY
test_02734.png,MMY
test_02735.png,BA
test_02736.png,BNE
test_02737.png,BA
test_02738.png,BA
test_02739.png,EO
test_02740.png,BNE
test_02741.png,BNE
test_02742.png,BL
test_02743.png,LY
test_02744.png,VLY
test_02745.png,MO
test_02746.png,BL
test_02747.png,LY
test_02748.png,PC
test_02749.png,EO
test_02750.png,BNE
test_02751.png,SNE
test_02752.png,BNE
test_02753.png,BL
test_02754.png,BL
test_02755.png,MMY
test_02756.png,BL
test_02757.png,EO
test_02758.png,BNE
test_02759.png,BNE
test_02760.png,LY
test_02761.png,BNE
test_02762.png,LY
test_02763.png,VLY
test_02764.png,BNE
test_02765.png,SNE
test_02766.png,SNE
test_02767.png,BNE
test_02768.png,MMY
test_02769.png,MY
test_02770.png,MY
test_02771.png,MY
test_02772.png,BA
test_02773.png,BNE
test_02774.png,MY
test_02775.png,BNE
test_02776.png,LY
test_02777.png,BL
test_02778.png,SNE
test_02779.png,MY
test_02780.png,VLY
test_02781.png,BNE
test_02782.png,BNE
test_02783.png,BNE
test_02784.png,BNE
test_02785.png,PC
test_02786.png,BL
test_02787.png,BNE
test_02788.png,BNE
test_02789.png,BNE
test_02790.png,BNE
test_02791.png,LY
test_02792.png,BNE
test_02793.png,BNE
test_02794.png,MMY
test_02795.png,LY
test_02796.png,SNE
test_02797.png,BNE
test_02798.png,SNE
test_02799.png,MO
test_02800.png,BL
test_02801.png,LY
test_02802.png,BNE
test_02803.png,SNE
test_02804.png,LY
test_02805.png,BNE
test_02806.png,BNE
test_02807.png,BL
test_02808.png,BL
test_02809.png,BNE
test_02810.png,BL
test_02811.png,BNE
test_02812.png,LY
test_02813.png,MO
test_02814.png,LY
test_02815.png,BNE
test_02816.png,SNE
test_02817.png,BNE
test_02818.png,BNE
test_02819.png,PC
test_02820.png,VLY
test_02821.png,SNE
test_02822.png,MMY
test_02823.png,LY
test_02824.png,BA
test_02825.png,PC
test_02826.png,PC
test_02827.png,VLY
test_02828.png,EO
test_02829.png,BNE
test_02830.png,BNE
test_02831.png,BNE
test_02832.png,BNE
test_02833.png,BA
test_02834.png,BNE
test_02835.png,MMY
test_02836.png,MMY
test_02837.png,BNE
test_02838.png,BNE
test_02839.png,MMY
test_02840.png,BNE
test_02841.png,SNE
test_02842.png,LY
test_02843.png,LY
test_02844.png,PC
test_02845.png,BNE
test_02846.png,LY
test_02847.png,BNE
test_02848.png,BL
test_02849.png,MO
test_02850.png,MMY
test_02851.png,VLY
test_02852.png,LY
test_02853.png,BNE
test_02854.png,BNE
test_02855.png,VLY
test_02856.png,PLY
test_02857.png,SNE
test_02858.png,VLY
test_02859.png,BL
test_02860.png,LY
test_02861.png,LY
test_02862.png,VLY
test_02863.png,MY
test_02864.png,BNE
test_02865.png,MY
test_02866.png,MY
test_02867.png,BNE
test_02868.png,BL
test_02869.png,VLY
test_02870.png,BNE
test_02871.png,BA
test_02872.png,BNE
test_02873.png,MY
test_02874.png,MO
test_02875.png,BNE
test_02876.png,BNE
test_02877.png,MMY
test_02878.png,SNE
test_02879.png,MY
test_02880.png,BL
test_02881.png,BNE
test_02882.png,BNE
test_02883.png,BNE
test_02884.png,MY
test_02885.png,BNE
test_02886.png,MMY
test_02887.png,SNE
test_02888.png,BNE
test_02889.png,PC
test_02890.png,MY
test_02891.png,VLY
test_02892.png,LY
test_02893.png,BNE
test_02894.png,BNE
test_02895.png,SNE
test_02896.png,BL
test_02897.png,BL
test_02898.png,PC
test_02899.png,PMY
test_02900.png,BNE
test_02901.png,MO
test_02902.png,SNE
test_02903.png,BNE
test_02904.png,BNE
test_02905.png,LY
test_02906.png,MO
test_02907.png,BNE
test_02908.png,BNE
test_02909.png,BNE
test_02910.png,BNE
test_02911.png,BL
test_02912.png,BL
test_02913.png,LY
test_02914.png,BNE
test_02915.png,BNE
test_02916.png,BNE
test_02917.png,PC
test_02918.png,BNE
test_02919.png,LY
test_02920.png,BNE
test_02921.png,LY
test_02922.png,SNE
test_02923.png,BNE
test_02924.png,MO
test_02925.png,SNE
test_02926.png,BL
test_02927.png,BNE
test_02928.png,BNE
test_02929.png,BL
test_02930.png,EO
test_02931.png,SNE
test_02932.png,VLY
test_02933.png,SNE
test_02934.png,EO
test_02935.png,BNE
test_02936.png,BNE
test_02937.png,BNE
test_02938.png,SNE
test_02939.png,MMY
test_02940.png,MMY
test_02941.png,BNE
test_02942.png,BNE
test_02943.png,BNE
test_02944.png,MY
test_02945.png,BNE
test_02946.png,SNE
test_02947.png,LY
test_02948.png,EO
test_02949.png,VLY
test_02950.png,SNE
test_02951.png,BNE
test_02952.png,BNE
test_02953.png,BNE
test_02954.png,MMY
test_02955.png,SNE
test_02956.png,BNE
test_02957.png,VLY
test_02958.png,LY
test_02959.png,BNE
test_02960.png,SNE
test_02961.png,BNE
test_02962.png,BNE
test_02963.png,LY
test_02964.png,SNE
test_02965.png,PC
test_02966.png,LY
test_02967.png,PC
test_02968.png,BNE
test_02969.png,BNE
test_02970.png,BNE
test_02971.png,BNE
test_02972.png,VLY
test_02973.png,BL
test_02974.png,BNE
test_02975.png,BNE
test_02976.png,BL
test_02977.png,BL
test_02978.png,SNE
test_02979.png,VLY
test_02980.png,LY
test_02981.png,BA
test_02982.png,BL
test_02983.png,BNE
test_02984.png,BNE
test_02985.png,LY
test_02986.png,PC
test_02987.png,BNE
test_02988.png,BNE
test_02989.png,BNE
test_02990.png,BNE
test_02991.png,BNE
test_02992.png,LY
test_02993.png,SNE
test_02994.png,BNE
test_02995.png,LY
test_02996.png,EO
test_02997.png,SNE
test_02998.png,SNE
test_02999.png,BNE
test_03000.png,SNE
test_03001.png,BNE
test_03002.png,BNE
test_03003.png,MY
test_03004.png,BNE
test_03005.png,BNE
test_03006.png,EO
test_03007.png,BNE
test_03008.png,VLY
test_03009.png,BL
test_03010.png,VLY
test_03011.png,LY
test_03012.png,SNE
test_03013.png,BL
test_03014.png,BNE
test_03015.png,LY
test_03016.png,BNE
test_03017.png,LY
test_03018.png,MMY
test_03019.png,BL
test_03020.png,PMY
test_03021.png,VLY
test_03022.png,BL
test_03023.png,BNE
test_03024.png,LY
test_03025.png,VLY
test_03026.png,LY
test_03027.png,BNE
test_03028.png,EO
test_03029.png,EO
test_03030.png,LY
test_03031.png,MMY
test_03032.png,BNE
test_03033.png,VLY
test_03034.png,BNE
test_03035.png,BNE
test_03036.png,LY
test_03037.png,BNE
test_03038.png,VLY
test_03039.png,EO
test_03040.png,BNE
test_03041.png,BNE
test_03042.png,BNE
test_03043.png,BNE
test_03044.png,BNE
test_03045.png,BNE
test_03046.png,BNE
test_03047.png,BNE
test_03048.png,MMY
test_03049.png,BNE
test_03050.png,BNE
test_03051.png,SNE
test_03052.png,BNE
test_03053.png,BNE
test_03054.png,BNE
test_03055.png,SNE
test_03056.png,VLY
test_03057.png,LY
test_03058.png,BNE
test_03059.png,BNE
test_03060.png,BNE
test_03061.png,MY
test_03062.png,VLY
test_03063.png,BNE
test_03064.png,BNE
test_03065.png,BNE
test_03066.png,BNE
test_03067.png,LY
test_03068.png,MY
test_03069.png,BA
test_03070.png,BNE
test_03071.png,BNE
test_03072.png,BA
test_03073.png,EO
test_03074.png,BNE
test_03075.png,SNE
test_03076.png,BNE
test_03077.png,VLY
test_03078.png,MY
test_03079.png,LY
test_03080.png,VLY
test_03081.png,VLY
test_03082.png,BNE
test_03083.png,LY
test_03084.png,SNE
test_03085.png,SNE
test_03086.png,BL
test_03087.png,BNE
test_03088.png,BNE
test_03089.png,LY
test_03090.png,LY
test_03091.png,MMY
test_03092.png,BL
test_03093.png,LY
test_03094.png,PC
test_03095.png,EO
test_03096.png,MMY
test_03097.png,SNE
test_03098.png,BNE
test_03099.png,BNE
test_03100.png,BNE
test_03101.png,BNE
test_03102.png,BNE
test_03103.png,BNE
test_03104.png,PC
test_03105.png,PMY
test_03106.png,LY
test_03107.png,BNE
test_03108.png,LY
test_03109.png,BNE
test_03110.png,BNE
test_03111.png,LY
test_03112.png,BNE
test_03113.png,PMY
test_03114.png,BNE
test_03115.png,BNE
test_03116.png,SNE
test_03117.png,LY
test_03118.png,BNE
test_03119.png,BNE
test_03120.png,PC
test_03121.png,EO
test_03122.png,SNE
test_03123.png,BNE
test_03124.png,MMY
test_03125.png,SNE
test_03126.png,EO
test_03127.png,BL
test_03128.png,BNE
test_03129.png,BNE
test_03130.png,BA
test_03131.png,BNE
test_03132.png,BL
test_03133.png,BNE
test_03134.png,BNE
test_03135.png,SNE
test_03136.png,PC
test_03137.png,LY
test_03138.png,SNE
test_03139.png,BNE
test_03140.png,VLY
test_03141.png,BNE
test_03142.png,BNE
test_03143.png,BNE
test_03144.png,LY
test_03145.png,BNE
test_03146.png,BNE
test_03147.png,BL
test_03148.png,BNE
test_03149.png,MY
test_03150.png,SNE
test_03151.png,MY
test_03152.png,MMY
test_03153.png,BNE
test_03154.png,BNE
test_03155.png,SNE
test_03156.png,SNE
test_03157.png,LY
test_03158.png,BNE
test_03159.png,BNE
test_03160.png,MO
test_03161.png,MO
test_03162.png,BNE
test_03163.png,MMY
test_03164.png,BA
test_03165.png,SNE
test_03166.png,MY
test_03167.png,BNE
test_03168.png,BNE
test_03169.png,BNE
test_03170.png,SNE
test_03171.png,BNE
test_03172.png,MMY
test_03173.png,MMY
test_03174.png,MY
test_03175.png,BNE
test_03176.png,BNE
test_03177.png,BA
test_03178.png,EO
test_03179.png,LY
test_03180.png,SNE
test_03181.png,BNE
test_03182.png,SNE
test_03183.png,SNE
test_03184.png,MO
test_03185.png,BNE
test_03186.png,MY
test_03187.png,SNE
test_03188.png,SNE
test_03189.png,MY
test_03190.png,BL
test_03191.png,LY
test_03192.png,MY
test_03193.png,BNE
test_03194.png,BNE
test_03195.png,BNE
test_03196.png,BNE
test_03197.png,BNE
test_03198.png,EO
test_03199.png,BNE
test_03200.png,BNE
test_03201.png,MY
test_03202.png,BNE
test_03203.png,VLY
test_03204.png,PC
test_03205.png,MMY
test_03206.png,MY
test_03207.png,MY
test_03208.png,MMY
test_03209.png,VLY
test_03210.png,MO
test_03211.png,MMY
test_03212.png,BNE
test_03213.png,BA
test_03214.png,MY
test_03215.png,BNE
test_03216.png,LY
test_03217.png,BL
test_03218.png,BNE
test_03219.png,MMY
test_03220.png,VLY
test_03221.png,MMY
test_03222.png,BNE
test_03223.png,VLY
test_03224.png,MY
test_03225.png,BNE
test_03226.png,SNE
test_03227.png,BNE
test_03228.png,BNE
test_03229.png,LY
test_03230.png,PLY
test_03231.png,BL
test_03232.png,LY
test_03233.png,MMY
test_03234.png,EO
test_03235.png,LY
test_03236.png,MY
test_03237.png,BNE
test_03238.png,VLY
test_03239.png,LY
test_03240.png,BNE
test_03241.png,SNE
test_03242.png,MY
test_03243.png,BNE
test_03244.png,BNE
test_03245.png,EO
test_03246.png,SNE
test_03247.png,LY
test_03248.png,LY
test_03249.png,BNE
test_03250.png,EO
test_03251.png,BNE
test_03252.png,SNE
test_03253.png,MMY
test_03254.png,EO
test_03255.png,PC
test_03256.png,BNE
test_03257.png,BNE
test_03258.png,LY
test_03259.png,SNE
test_03260.png,PMY
test_03261.png,MMY
test_03262.png,MY
test_03263.png,BNE
test_03264.png,BNE
test_03265.png,PC
test_03266.png,BL
test_03267.png,BL
test_03268.png,BNE
test_03269.png,LY
test_03270.png,BNE
test_03271.png,MMY
test_03272.png,BNE
test_03273.png,BNE
test_03274.png,SNE
test_03275.png,PC
test_03276.png,BNE
test_03277.png,PC
test_03278.png,LY
test_03279.png,LY
test_03280.png,BNE
test_03281.png,BNE
test_03282.png,BNE
test_03283.png,BNE
test_03284.png,MY
test_03285.png,BNE
test_03286.png,LY
test_03287.png,MMY
test_03288.png,BNE
test_03289.png,VLY
test_03290.png,VLY
test_03291.png,BNE
test_03292.png,MMY
test_03293.png,BNE
test_03294.png,BNE
test_03295.png,MMY
test_03296.png,BNE
test_03297.png,SNE
test_03298.png,MY
test_03299.png,EO
test_03300.png,PC
test_03301.png,SNE
test_03302.png,BL
test_03303.png,LY
test_03304.png,BNE
test_03305.png,SNE
test_03306.png,BNE
test_03307.png,PMY
test_03308.png,BNE
test_03309.png,BNE
test_03310.png,BNE
test_03311.png,MMY
test_03312.png,BL
test_03313.png,BNE
test_03314.png,SNE
test_03315.png,BNE
test_03316.png,BNE
test_03317.png,BL
test_03318.png,VLY
test_03319.png,EO
test_03320.png,VLY
test_03321.png,BL
test_03322.png,SNE
test_03323.png,BNE
test_03324.png,EO
test_03325.png,VLY
test_03326.png,PC
test_03327.png,BNE
test_03328.png,BNE
test_03329.png,SNE
test_03330.png,BNE
test_03331.png,MY
test_03332.png,BL
test_03333.png,LY
test_03334.png,BNE
test_03335.png,BL
test_03336.png,BNE
test_03337.png,EO
test_03338.png,BNE
test_03339.png,BNE
test_03340.png,SNE
test_03341.png,MO
test_03342.png,MMY
test_03343.png,BNE
test_03344.png,BNE
test_03345.png,BNE
test_03346.png,BNE
test_03347.png,MMY
test_03348.png,BNE
test_03349.png,VLY
test_03350.png,BNE
test_03351.png,BNE
test_03352.png,BA
test_03353.png,BNE
test_03354.png,BL
test_03355.png,LY
test_03356.png,SNE
test_03357.png,LY
test_03358.png,LY
test_03359.png,SNE
test_03360.png,BNE
test_03361.png,BNE
test_03362.png,BNE
test_03363.png,BNE
test_03364.png,MY
test_03365.png,BNE
test_03366.png,MY
test_03367.png,BNE
test_03368.png,BNE
test_03369.png,BNE
test_03370.png,BL
test_03371.png,BL
test_03372.png,BNE
test_03373.png,LY
test_03374.png,BL
test_03375.png,SNE
test_03376.png,SNE
test_03377.png,MMY
test_03378.png,BNE
test_03379.png,BNE
test_03380.png,VLY
test_03381.png,SNE
test_03382.png,EO
test_03383.png,BNE
test_03384.png,LY
test_03385.png,BNE
test_03386.png,PC
test_03387.png,BNE
test_03388.png,SNE
test_03389.png,BNE
test_03390.png,SNE
test_03391.png,VLY
test_03392.png,LY
test_03393.png,MY
test_03394.png,VLY
test_03395.png,MY
test_03396.png,BL
test_03397.png,BNE
test_03398.png,MY
test_03399.png,PC
test_03400.png,VLY
test_03401.png,MMY
test_03402.png,VLY
test_03403.png,BNE
test_03404.png,SNE
test_03405.png,BNE
test_03406.png,MMY
test_03407.png,SNE
test_03408.png,LY
test_03409.png,BNE
test_03410.png,BNE
test_03411.png,MO
test_03412.png,BNE
test_03413.png,SNE
test_03414.png,MMY
test_03415.png,VLY
test_03416.png,BNE
test_03417.png,BNE
test_03418.png,SNE
test_03419.png,BL
test_03420.png,BNE
test_03421.png,BNE
test_03422.png,BNE
test_03423.png,EO
test_03424.png,LY
test_03425.png,BNE
test_03426.png,LY
test_03427.png,BL
test_03428.png,SNE
test_03429.png,LY
test_03430.png,MY
test_03431.png,BNE
test_03432.png,MMY
test_03433.png,BNE
test_03434.png,SNE
test_03435.png,MY
test_03436.png,MY
test_03437.png,PC
test_03438.png,PC
test_03439.png,BNE
test_03440.png,MMY
test_03441.png,LY
test_03442.png,MY
test_03443.png,BNE
test_03444.png,SNE
test_03445.png,MO
test_03446.png,VLY
test_03447.png,BNE
test_03448.png,BNE
test_03449.png,LY
test_03450.png,BNE
test_03451.png,LY
test_03452.png,BNE
test_03453.png,BNE
test_03454.png,SNE
test_03455.png,BNE
test_03456.png,BNE
test_03457.png,MMY
test_03458.png,BNE
test_03459.png,BNE
test_03460.png,SNE
test_03461.png,MMY
test_03462.png,MY
test_03463.png,SNE
test_03464.png,BNE
test_03465.png,LY
test_03466.png,LY
test_03467.png,BA
test_03468.png,BNE
test_03469.png,VLY
test_03470.png,BNE
test_03471.png,BL
test_03472.png,LY
test_03473.png,SNE
test_03474.png,EO
test_03475.png,MY
test_03476.png,LY
test_03477.png,BNE
test_03478.png,BNE
test_03479.png,BNE
test_03480.png,EO
test_03481.png,LY
test_03482.png,BNE
test_03483.png,LY
test_03484.png,BNE
test_03485.png,SNE
test_03486.png,BL
test_03487.png,BNE
test_03488.png,BNE
test_03489.png,BNE
test_03490.png,BNE
test_03491.png,BL
test_03492.png,BNE
test_03493.png,PC
test_03494.png,LY
test_03495.png,BNE
test_03496.png,SNE
test_03497.png,EO
test_03498.png,BNE
test_03499.png,BNE
test_03500.png,MY
test_03501.png,MY
test_03502.png,LY
test_03503.png,BNE
test_03504.png,LY
test_03505.png,BNE
test_03506.png,PC
test_03507.png,BNE
test_03508.png,BL
test_03509.png,MY
test_03510.png,BNE
test_03511.png,LY
test_03512.png,SNE
test_03513.png,LY
test_03514.png,BL
test_03515.png,PC
test_03516.png,BNE
test_03517.png,BNE
test_03518.png,SNE
test_03519.png,SNE
test_03520.png,PMY
test_03521.png,MY
test_03522.png,BNE
test_03523.png,BNE
test_03524.png,BNE
test_03525.png,BNE
test_03526.png,BL
test_03527.png,BL
test_03528.png,SNE
test_03529.png,BNE
test_03530.png,BNE
test_03531.png,BNE
test_03532.png,BL
test_03533.png,BNE
test_03534.png,LY
test_03535.png,BNE
test_03536.png,BNE
test_03537.png,MY
test_03538.png,BNE
test_03539.png,SNE
test_03540.png,MY
test_03541.png,BL
test_03542.png,BA
test_03543.png,MY
test_03544.png,SNE
test_03545.png,BNE
test_03546.png,SNE
test_03547.png,SNE
test_03548.png,BNE
test_03549.png,EO
test_03550.png,SNE
test_03551.png,LY
test_03552.png,BNE
test_03553.png,BNE
test_03554.png,SNE
test_03555.png,BNE
test_03556.png,MMY
test_03557.png,BNE
test_03558.png,VLY
test_03559.png,BL
test_03560.png,LY
test_03561.png,BNE
test_03562.png,VLY
test_03563.png,BNE
test_03564.png,BL
test_03565.png,BNE
test_03566.png,VLY
test_03567.png,MY
test_03568.png,BNE
test_03569.png,SNE
test_03570.png,BNE
test_03571.png,VLY
test_03572.png,BA
test_03573.png,BNE
test_03574.png,LY
test_03575.png,PC
test_03576.png,EO
test_03577.png,BNE
test_03578.png,EO
test_03579.png,LY
test_03580.png,BL
test_03581.png,VLY
test_03582.png,MY
test_03583.png,BNE
test_03584.png,BNE
test_03585.png,VLY
test_03586.png,BA
test_03587.png,SNE
test_03588.png,MY
test_03589.png,BNE
test_03590.png,BNE
test_03591.png,BNE
test_03592.png,BNE
test_03593.png,BNE
test_03594.png,SNE
test_03595.png,BNE
test_03596.png,LY
test_03597.png,PC
test_03598.png,LY
test_03599.png,MY
test_03600.png,MMY
test_03601.png,MY
test_03602.png,BNE
test_03603.png,MY
test_03604.png,VLY
test_03605.png,LY
test_03606.png,BNE
test_03607.png,EO
test_03608.png,BNE
test_03609.png,BNE
test_03610.png,BNE
test_03611.png,BNE
test_03612.png,BNE
test_03613.png,LY
test_03614.png,LY
test_03615.png,VLY
test_03616.png,VLY
test_03617.png,MY
test_03618.png,MO
test_03619.png,MY
test_03620.png,BL
test_03621.png,VLY
test_03622.png,LY
test_03623.png,BL
test_03624.png,EO
test_03625.png,BA
test_03626.png,BNE
test_03627.png,BL
test_03628.png,MO
test_03629.png,BL
test_03630.png,SNE
test_03631.png,EO
test_03632.png,BNE
test_03633.png,BNE
test_03634.png,BNE
test_03635.png,MY
test_03636.png,BA
test_03637.png,BNE
test_03638.png,SNE
test_03639.png,SNE
test_03640.png,VLY
test_03641.png,BNE
test_03642.png,VLY
test_03643.png,EO
test_03644.png,BL
test_03645.png,MMY
test_03646.png,VLY
test_03647.png,BL
test_03648.png,BL
test_03649.png,BNE
test_03650.png,BNE
test_03651.png,BNE
test_03652.png,BNE
test_03653.png,BNE
test_03654.png,VLY
test_03655.png,VLY
test_03656.png,SNE
test_03657.png,BL
test_03658.png,BNE
test_03659.png,BNE
test_03660.png,LY
test_03661.png,BNE
test_03662.png,VLY
test_03663.png,PLY
test_03664.png,BNE
test_03665.png,LY
test_03666.png,BL
test_03667.png,BNE
test_03668.png,BNE
test_03669.png,LY
test_03670.png,BNE
test_03671.png,VLY
test_03672.png,BNE
test_03673.png,SNE
test_03674.png,SNE
test_03675.png,BL
test_03676.png,BNE
test_03677.png,SNE
test_03678.png,BNE
test_03679.png,BNE
test_03680.png,MMY
test_03681.png,BNE
test_03682.png,SNE
test_03683.png,SNE
test_03684.png,VLY
test_03685.png,VLY
test_03686.png,BNE
test_03687.png,BL
test_03688.png,BNE
test_03689.png,BL
test_03690.png,BNE
test_03691.png,SNE
test_03692.png,PC
test_03693.png,BNE
test_03694.png,EO
test_03695.png,BL
test_03696.png,BNE
test_03697.png,SNE
test_03698.png,SNE
test_03699.png,LY
test_03700.png,BNE
test_03701.png,BNE
test_03702.png,MY
test_03703.png,BNE
test_03704.png,BNE
test_03705.png,EO
test_03706.png,BNE
test_03707.png,BNE
test_03708.png,MY
test_03709.png,VLY
test_03710.png,LY
test_03711.png,MO
test_03712.png,BNE
test_03713.png,BA
test_03714.png,MMY
test_03715.png,MO
test_03716.png,SNE
test_03717.png,SNE
test_03718.png,BNE
test_03719.png,SNE
test_03720.png,BNE
test_03721.png,BNE
test_03722.png,BNE
test_03723.png,BNE
test_03724.png,LY
test_03725.png,SNE
test_03726.png,BNE
test_03727.png,BNE
test_03728.png,EO
test_03729.png,BL
test_03730.png,BA
test_03731.png,BNE
test_03732.png,BNE
test_03733.png,VLY
test_03734.png,BA
test_03735.png,LY
test_03736.png,BNE
test_03737.png,BNE
test_03738.png,SNE
test_03739.png,MY
test_03740.png,LY
test_03741.png,EO
test_03742.png,BNE
test_03743.png,BA
test_03744.png,BNE
test_03745.png,MO
test_03746.png,MMY
test_03747.png,MMY
test_03748.png,EO
test_03749.png,BNE
test_03750.png,BNE
test_03751.png,BNE
test_03752.png,SNE
test_03753.png,VLY
test_03754.png,BNE
test_03755.png,VLY
test_03756.png,EO
test_03757.png,LY
test_03758.png,PC
test_03759.png,LY
test_03760.png,BNE
test_03761.png,MY
test_03762.png,MY
test_03763.png,BNE
test_03764.png,LY
test_03765.png,BNE
test_03766.png,BA
test_03767.png,BNE
test_03768.png,VLY
test_03769.png,LY
test_03770.png,PC
test_03771.png,SNE
test_03772.png,BNE
test_03773.png,LY
test_03774.png,BNE
test_03775.png,SNE
test_03776.png,BNE
test_03777.png,BNE
test_03778.png,BNE
test_03779.png,BNE
test_03780.png,BNE
test_03781.png,SNE
test_03782.png,VLY
test_03783.png,LY
test_03784.png,BNE
test_03785.png,MO
test_03786.png,BNE
test_03787.png,SNE
test_03788.png,BL
test_03789.png,SNE
test_03790.png,BNE
test_03791.png,BNE
test_03792.png,VLY
test_03793.png,BNE
test_03794.png,EO
test_03795.png,BL
test_03796.png,MMY
test_03797.png,MO
test_03798.png,MO
test_03799.png,BNE
test_03800.png,SNE
test_03801.png,MY
test_03802.png,PC
test_03803.png,MY
test_03804.png,SNE
test_03805.png,BNE
test_03806.png,BNE
test_03807.png,LY
test_03808.png,BL
test_03809.png,BL
test_03810.png,BNE
test_03811.png,PC
test_03812.png,LY
test_03813.png,LY
test_03814.png,SNE
test_03815.png,VLY
test_03816.png,BL
test_03817.png,VLY
test_03818.png,LY
test_03819.png,BNE
test_03820.png,LY
test_03821.png,BNE
test_03822.png,BNE
test_03823.png,BNE
test_03824.png,SNE
test_03825.png,EO
test_03826.png,BNE
test_03827.png,VLY
test_03828.png,BNE
test_03829.png,MMY
test_03830.png,BNE
test_03831.png,PLY
test_03832.png,MMY
test_03833.png,PC
test_03834.png,VLY
test_03835.png,BNE
test_03836.png,BNE
test_03837.png,BL
test_03838.png,BNE
test_03839.png,MO
test_03840.png,MY
test_03841.png,BNE
test_03842.png,LY
test_03843.png,VLY
test_03844.png,SNE
test_03845.png,BNE
test_03846.png,LY
test_03847.png,LY
test_03848.png,BNE
test_03849.png,BL
test_03850.png,BNE
test_03851.png,MY
test_03852.png,SNE
test_03853.png,BL
test_03854.png,SNE
test_03855.png,SNE
test_03856.png,MY
test_03857.png,PC
test_03858.png,BNE
test_03859.png,MMY
test_03860.png,BL
test_03861.png,SNE
test_03862.png,BNE
test_03863.png,SNE
test_03864.png,EO
test_03865.png,PC
test_03866.png,MY
test_03867.png,BL
test_03868.png,BNE
test_03869.png,BNE
test_03870.png,EO
test_03871.png,BNE
test_03872.png,BNE
test_03873.png,LY
test_03874.png,EO
test_03875.png,BNE
test_03876.png,BNE
test_03877.png,MY
test_03878.png,VLY
test_03879.png,SNE
test_03880.png,EO
test_03881.png,BNE
test_03882.png,VLY
test_03883.png,LY
test_03884.png,BL
test_03885.png,BNE
test_03886.png,BNE
test_03887.png,PC
test_03888.png,BNE
test_03889.png,MMY
test_03890.png,LY
test_03891.png,BNE
test_03892.png,BNE
test_03893.png,LY
test_03894.png,MO
test_03895.png,MO
test_03896.png,BNE
test_03897.png,SNE
test_03898.png,BNE
test_03899.png,PC
test_03900.png,BNE
test_03901.png,EO
test_03902.png,MMY
test_03903.png,BL
test_03904.png,BNE
test_03905.png,BL
test_03906.png,BNE
test_03907.png,SNE
test_03908.png,BNE
test_03909.png,BNE
test_03910.png,LY
test_03911.png,VLY
test_03912.png,BNE
test_03913.png,BNE
test_03914.png,VLY
test_03915.png,BNE
test_03916.png,BNE
test_03917.png,BNE
test_03918.png,MO
test_03919.png,SNE
test_03920.png,PC
test_03921.png,LY
test_03922.png,BNE
test_03923.png,BNE
test_03924.png,BNE
test_03925.png,MMY
test_03926.png,MO
test_03927.png,BNE
test_03928.png,SNE
test_03929.png,BNE
test_03930.png,BNE
test_03931.png,LY
test_03932.png,BNE
test_03933.png,EO
test_03934.png,MMY
test_03935.png,LY
test_03936.png,MMY
test_03937.png,EO
test_03938.png,BNE
test_03939.png,BNE
test_03940.png,BNE
test_03941.png,BL
test_03942.png,SNE
test_03943.png,BNE
test_03944.png,BNE
test_03945.png,SNE
test_03946.png,BNE
test_03947.png,BNE
test_03948.png,EO
test_03949.png,BL
test_03950.png,SNE
test_03951.png,BNE
test_03952.png,BA
test_03953.png,BNE
test_03954.png,BNE
test_03955.png,BNE
test_03956.png,BNE
test_03957.png,EO
test_03958.png,BNE
test_03959.png,LY
test_03960.png,BNE
test_03961.png,BNE
test_03962.png,BNE
test_03963.png,BNE
test_03964.png,BNE
test_03965.png,BA
test_03966.png,BNE
test_03967.png,BNE
test_03968.png,BNE
test_03969.png,EO
test_03970.png,MY
test_03971.png,BL
test_03972.png,BNE
test_03973.png,PC
test_03974.png,BNE
test_03975.png,SNE
test_03976.png,LY
test_03977.png,LY
test_03978.png,BNE
test_03979.png,BNE
test_03980.png,SNE
test_03981.png,LY
test_03982.png,BNE
test_03983.png,BL
test_03984.png,VLY
test_03985.png,LY
test_03986.png,PC
test_03987.png,BNE
test_03988.png,SNE
test_03989.png,MO
test_03990.png,BNE
test_03991.png,BNE
test_03992.png,SNE
test_03993.png,LY
test_03994.png,BL
test_03995.png,VLY
test_03996.png,BNE
test_03997.png,SNE
test_03998.png,BNE
test_03999.png,SNE
test_04000.png,BNE
test_04001.png,PMY
test_04002.png,BNE
test_04003.png,MMY
test_04004.png,BNE
test_04005.png,BNE
test_04006.png,BNE
test_04007.png,BNE
test_04008.png,MO
test_04009.png,BL
test_04010.png,SNE
test_04011.png,BNE
test_04012.png,BNE
test_04013.png,BNE
test_04014.png,BNE
test_04015.png,BNE
test_04016.png,BNE
test_04017.png,VLY
test_04018.png,BNE
test_04019.png,MO
test_04020.png,LY
test_04021.png,BNE
test_04022.png,BNE
test_04023.png,BNE
test_04024.png,LY
test_04025.png,PC
test_04026.png,BNE
test_04027.png,SNE
test_04028.png,SNE
test_04029.png,BNE
test_04030.png,SNE
test_04031.png,BNE
test_04032.png,SNE
test_04033.png,LY
test_04034.png,BNE
test_04035.png,EO
test_04036.png,MMY
test_04037.png,MY
test_04038.png,BL
test_04039.png,BNE
test_04040.png,LY
test_04041.png,BNE
test_04042.png,BNE
test_04043.png,LY
test_04044.png,BNE
test_04045.png,SNE
test_04046.png,PC
test_04047.png,BNE
test_04048.png,MY
test_04049.png,BL
test_04050.png,BNE
test_04051.png,EO
test_04052.png,VLY
test_04053.png,BNE
test_04054.png,BNE
test_04055.png,BL
test_04056.png,EO
test_04057.png,MO
test_04058.png,MO
test_04059.png,MMY
test_04060.png,VLY
test_04061.png,LY
test_04062.png,MY
test_04063.png,LY
test_04064.png,VLY
test_04065.png,SNE
test_04066.png,BNE
test_04067.png,BNE
test_04068.png,BL
test_04069.png,SNE
test_04070.png,PC
test_04071.png,BNE
test_04072.png,LY
test_04073.png,BNE
test_04074.png,BNE
test_04075.png,BNE
test_04076.png,SNE
test_04077.png,SNE
test_04078.png,BL
test_04079.png,BNE
test_04080.png,BNE
test_04081.png,PC
test_04082.png,BA
test_04083.png,BNE
test_04084.png,LY
test_04085.png,BL
test_04086.png,VLY
test_04087.png,EO
test_04088.png,BNE
test_04089.png,MY
test_04090.png,SNE
test_04091.png,SNE
test_04092.png,SNE
test_04093.png,BNE
test_04094.png,BL
test_04095.png,BNE
test_04096.png,VLY
test_04097.png,VLY
test_04098.png,SNE
test_04099.png,MMY
test_04100.png,BNE
test_04101.png,MO
test_04102.png,BNE
test_04103.png,BNE
test_04104.png,EO
test_04105.png,BL
test_04106.png,BNE
test_04107.png,SNE
test_04108.png,BNE
test_04109.png,PC
test_04110.png,PLY
test_04111.png,LY
test_04112.png,MO
test_04113.png,SNE
test_04114.png,BNE
test_04115.png,VLY
test_04116.png,BNE
test_04117.png,SNE
test_04118.png,EO
test_04119.png,LY
test_04120.png,BA
test_04121.png,BNE
test_04122.png,BNE
test_04123.png,BNE
test_04124.png,BNE
test_04125.png,BNE
test_04126.png,VLY
test_04127.png,VLY
test_04128.png,MO
test_04129.png,BL
test_04130.png,SNE
test_04131.png,BNE
test_04132.png,SNE
test_04133.png,BNE
test_04134.png,BNE
test_04135.png,BNE
test_04136.png,BL
test_04137.png,MO
test_04138.png,BNE
test_04139.png,BNE
test_04140.png,LY
test_04141.png,LY
test_04142.png,BNE
test_04143.png,LY
test_04144.png,LY
test_04145.png,MMY
test_04146.png,SNE
test_04147.png,VLY
test_04148.png,SNE
test_04149.png,SNE
test_04150.png,SNE
test_04151.png,PC
test_04152.png,MMY
test_04153.png,BNE
test_04154.png,BNE
test_04155.png,BNE
test_04156.png,BNE
test_04157.png,PC
test_04158.png,BNE
test_04159.png,SNE
test_04160.png,SNE
test_04161.png,PLY
test_04162.png,VLY
test_04163.png,SNE
test_04164.png,LY
test_04165.png,LY
test_04166.png,VLY
test_04167.png,BNE
test_04168.png,MMY
test_04169.png,BNE
test_04170.png,EO
test_04171.png,SNE
test_04172.png,LY
test_04173.png,PMY
test_04174.png,BNE
test_04175.png,BNE
test_04176.png,BNE
test_04177.png,MO
test_04178.png,PC
test_04179.png,BNE
test_04180.png,MY
test_04181.png,EO
test_04182.png,BNE
test_04183.png,BNE
test_04184.png,BNE
test_04185.png,VLY
test_04186.png,SNE
test_04187.png,SNE
test_04188.png,MY
test_04189.png,MO
test_04190.png,VLY
test_04191.png,VLY
test_04192.png,BNE
test_04193.png,BA
test_04194.png,BL
test_04195.png,BL
test_04196.png,BNE
test_04197.png,BA
test_04198.png,MY
test_04199.png,MY
test_04200.png,BNE
test_04201.png,LY
test_04202.png,BNE
test_04203.png,MMY
test_04204.png,EO
test_04205.png,BNE
test_04206.png,MO
test_04207.png,MMY
test_04208.png,BNE
test_04209.png,LY
test_04210.png,BNE
test_04211.png,BNE
test_04212.png,BNE
test_04213.png,LY
test_04214.png,MY
test_04215.png,EO
test_04216.png,MO
test_04217.png,BNE
test_04218.png,BNE
test_04219.png,BNE
test_04220.png,BNE
test_04221.png,BNE
test_04222.png,SNE
test_04223.png,LY
test_04224.png,EO
test_04225.png,BNE
test_04226.png,BNE
test_04227.png,BNE
test_04228.png,SNE
test_04229.png,VLY
test_04230.png,BNE
test_04231.png,LY
test_04232.png,BNE
test_04233.png,EO
test_04234.png,MY
test_04235.png,PLY
test_04236.png,MO
test_04237.png,LY
test_04238.png,SNE
test_04239.png,SNE
test_04240.png,VLY
test_04241.png,BNE
test_04242.png,LY
test_04243.png,EO
test_04244.png,MMY
test_04245.png,LY
test_04246.png,BNE
test_04247.png,LY
test_04248.png,EO
test_04249.png,MY
test_04250.png,BNE
test_04251.png,BNE
test_04252.png,BNE
test_04253.png,PC
test_04254.png,PC
test_04255.png,BNE
test_04256.png,BNE
test_04257.png,LY
test_04258.png,VLY
test_04259.png,MY
test_04260.png,BNE
test_04261.png,MO
test_04262.png,LY
test_04263.png,BL
test_04264.png,SNE
test_04265.png,PC
test_04266.png,LY
test_04267.png,BNE
test_04268.png,PC
test_04269.png,BNE
test_04270.png,BNE
test_04271.png,LY
test_04272.png,VLY
test_04273.png,BNE
test_04274.png,EO
test_04275.png,LY
test_04276.png,LY
test_04277.png,SNE
test_04278.png,BNE
test_04279.png,VLY
test_04280.png,BNE
test_04281.png,BNE
test_04282.png,BNE
test_04283.png,BL
test_04284.png,BNE
test_04285.png,MMY
test_04286.png,BL
test_04287.png,MMY
test_04288.png,EO
test_04289.png,BNE
test_04290.png,LY
test_04291.png,BA
test_04292.png,BNE
test_04293.png,SNE
test_04294.png,BNE
test_04295.png,BNE
test_04296.png,BNE
test_04297.png,MMY
test_04298.png,BNE
test_04299.png,SNE
test_04300.png,BNE
test_04301.png,BL
test_04302.png,VLY
test_04303.png,LY
test_04304.png,MO
test_04305.png,EO
test_04306.png,MMY
test_04307.png,LY
test_04308.png,BNE
test_04309.png,MMY
test_04310.png,LY
test_04311.png,BNE
test_04312.png,BNE
test_04313.png,MMY
test_04314.png,SNE
test_04315.png,BNE
test_04316.png,LY
test_04317.png,BNE
test_04318.png,BNE
test_04319.png,PMY
test_04320.png,BNE
test_04321.png,BNE
test_04322.png,LY
test_04323.png,BNE
test_04324.png,BNE
test_04325.png,BNE
test_04326.png,LY
test_04327.png,LY
test_04328.png,BNE
test_04329.png,PC
test_04330.png,BNE
test_04331.png,SNE
test_04332.png,MMY
test_04333.png,BNE
test_04334.png,PC
test_04335.png,BNE
test_04336.png,BL
test_04337.png,BNE
test_04338.png,BNE
test_04339.png,BNE
test_04340.png,SNE
test_04341.png,EO
test_04342.png,BNE
test_04343.png,EO
test_04344.png,MY
test_04345.png,BNE
test_04346.png,BNE
test_04347.png,VLY
test_04348.png,BL
test_04349.png,BL
test_04350.png,BNE
test_04351.png,BNE
test_04352.png,SNE
test_04353.png,BNE
test_04354.png,LY
test_04355.png,VLY
test_04356.png,MMY
test_04357.png,LY
test_04358.png,BNE
test_04359.png,MY
test_04360.png,MY
test_04361.png,BNE
test_04362.png,PC
test_04363.png,SNE
test_04364.png,VLY
test_04365.png,BNE
test_04366.png,SNE
test_04367.png,SNE
test_04368.png,BNE
test_04369.png,BNE
test_04370.png,PC
test_04371.png,BNE
test_04372.png,BNE
test_04373.png,LY
test_04374.png,MY
test_04375.png,VLY
test_04376.png,LY
test_04377.png,LY
test_04378.png,LY
test_04379.png,BNE
test_04380.png,BNE
test_04381.png,MMY
test_04382.png,BNE
test_04383.png,BNE
test_04384.png,BNE
test_04385.png,BNE
test_04386.png,MY
test_04387.png,SNE
test_04388.png,EO
test_04389.png,BL
test_04390.png,BNE
test_04391.png,LY
test_04392.png,SNE
test_04393.png,BNE
test_04394.png,LY
test_04395.png,PC
test_04396.png,BNE
test_04397.png,MO
test_04398.png,SNE
test_04399.png,MO
test_04400.png,SNE
test_04401.png,BNE
test_04402.png,EO
test_04403.png,BNE
test_04404.png,VLY
test_04405.png,PMY
test_04406.png,BNE
test_04407.png,BNE
test_04408.png,PC
test_04409.png,SNE
test_04410.png,SNE
test_04411.png,MMY
test_04412.png,BNE
test_04413.png,BNE
test_04414.png,VLY
test_04415.png,LY
test_04416.png,BNE
test_04417.png,BNE
test_04418.png,LY
test_04419.png,BNE
test_04420.png,LY
test_04421.png,BNE
test_04422.png,LY
test_04423.png,BNE
test_04424.png,PC
test_04425.png,BNE
test_04426.png,BNE
test_04427.png,SNE
test_04428.png,BNE
test_04429.png,BL
test_04430.png,VLY
test_04431.png,BNE
test_04432.png,BL
test_04433.png,LY
test_04434.png,BNE
test_04435.png,PMY
test_04436.png,LY
test_04437.png,BNE
test_04438.png,MY
test_04439.png,MMY
test_04440.png,BNE
test_04441.png,BL
test_04442.png,EO
test_04443.png,SNE
test_04444.png,SNE
test_04445.png,BNE
test_04446.png,LY
test_04447.png,BNE
test_04448.png,BNE
test_04449.png,LY
test_04450.png,VLY
test_04451.png,BNE
test_04452.png,MMY
test_04453.png,PMY
test_04454.png,PC
test_04455.png,MMY
test_04456.png,BNE
test_04457.png,BNE
test_04458.png,VLY
test_04459.png,SNE
test_04460.png,VLY
test_04461.png,BNE
test_04462.png,EO
test_04463.png,SNE
test_04464.png,BNE
test_04465.png,BNE
test_04466.png,BL
test_04467.png,BNE
test_04468.png,SNE
test_04469.png,BL
test_04470.png,BNE
test_04471.png,BNE
test_04472.png,BNE
test_04473.png,VLY
test_04474.png,BNE
test_04475.png,MY
test_04476.png,BL
test_04477.png,LY
test_04478.png,BNE
test_04479.png,MY
test_04480.png,BNE
test_04481.png,BNE
test_04482.png,BL
test_04483.png,BNE
test_04484.png,BNE
test_04485.png,BNE
test_04486.png,MY
test_04487.png,MMY
test_04488.png,BNE
test_04489.png,BNE
test_04490.png,BNE
test_04491.png,BNE
test_04492.png,PMY
test_04493.png,MY
test_04494.png,EO
test_04495.png,BNE
test_04496.png,LY
test_04497.png,BNE
test_04498.png,BNE
test_04499.png,BNE
test_04500.png,MO
test_04501.png,BNE
test_04502.png,LY
test_04503.png,VLY
test_04504.png,VLY
test_04505.png,BNE
test_04506.png,BNE
test_04507.png,VLY
test_04508.png,BNE
test_04509.png,BA
test_04510.png,BNE
test_04511.png,LY
test_04512.png,BNE
test_04513.png,BNE
test_04514.png,MMY
test_04515.png,BNE
test_04516.png,BNE
test_04517.png,BNE
test_04518.png,LY
test_04519.png,LY
test_04520.png,BL
test_04521.png,BNE
test_04522.png,SNE
test_04523.png,BA
test_04524.png,BL
test_04525.png,BNE
test_04526.png,EO
test_04527.png,BNE
test_04528.png,BNE
test_04529.png,LY
test_04530.png,BNE
test_04531.png,BNE
test_04532.png,BNE
test_04533.png,SNE
test_04534.png,VLY
test_04535.png,SNE
test_04536.png,BL
test_04537.png,SNE
test_04538.png,MMY
test_04539.png,EO
test_04540.png,BNE
test_04541.png,BNE
test_04542.png,EO
test_04543.png,MMY
test_04544.png,BL
test_04545.png,MO
test_04546.png,VLY
test_04547.png,SNE
test_04548.png,LY
test_04549.png,BL
test_04550.png,BNE
test_04551.png,BNE
test_04552.png,BNE
test_04553.png,MMY
test_04554.png,SNE
test_04555.png,LY
test_04556.png,BNE
test_04557.png,BNE
test_04558.png,BNE
test_04559.png,BNE
test_04560.png,BNE
test_04561.png,VLY
test_04562.png,PC
test_04563.png,BNE
test_04564.png,BL
test_04565.png,BA
test_04566.png,BNE
test_04567.png,MMY
test_04568.png,BNE
test_04569.png,EO
test_04570.png,MMY
test_04571.png,BNE
test_04572.png,VLY
test_04573.png,SNE
test_04574.png,VLY
test_04575.png,BNE
test_04576.png,SNE
test_04577.png,BNE
test_04578.png,BNE
test_04579.png,BNE
test_04580.png,BNE
test_04581.png,BNE
test_04582.png,BNE
test_04583.png,VLY
test_04584.png,BL
test_04585.png,VLY
test_04586.png,BL
test_04587.png,VLY
test_04588.png,BNE
test_04589.png,BNE
test_04590.png,SNE
test_04591.png,VLY
test_04592.png,BNE
test_04593.png,BNE
test_04594.png,MY
test_04595.png,BL
test_04596.png,MY
test_04597.png,EO
test_04598.png,BL
test_04599.png,EO
test_04600.png,BL
test_04601.png,LY
test_04602.png,SNE
test_04603.png,MY
test_04604.png,BNE
test_04605.png,SNE
test_04606.png,BA
test_04607.png,BNE
test_04608.png,SNE
test_04609.png,VLY
test_04610.png,SNE
test_04611.png,BL
test_04612.png,MY
test_04613.png,BNE
test_04614.png,BNE
test_04615.png,MY
test_04616.png,BNE
test_04617.png,MY
test_04618.png,BNE
test_04619.png,MMY
test_04620.png,MY
test_04621.png,BNE
test_04622.png,SNE
test_04623.png,SNE
test_04624.png,BNE
test_04625.png,BNE
test_04626.png,LY
test_04627.png,BNE
test_04628.png,BNE
test_04629.png,MMY
test_04630.png,PC
test_04631.png,BNE
test_04632.png,LY
test_04633.png,VLY
test_04634.png,LY
test_04635.png,SNE
test_04636.png,LY
test_04637.png,MY
test_04638.png,SNE
test_04639.png,BNE
test_04640.png,MMY
test_04641.png,BNE
test_04642.png,SNE
test_04643.png,LY
test_04644.png,BNE
test_04645.png,BNE
test_04646.png,BNE
test_04647.png,SNE
test_04648.png,BL
test_04649.png,BL
test_04650.png,LY
test_04651.png,LY
test_04652.png,BA
test_04653.png,PMY
test_04654.png,BNE
test_04655.png,BNE
test_04656.png,BNE
test_04657.png,BNE
test_04658.png,MO
test_04659.png,BNE
test_04660.png,BNE
test_04661.png,BNE
test_04662.png,VLY
test_04663.png,SNE
test_04664.png,BNE
test_04665.png,MY
test_04666.png,LY
test_04667.png,BL
test_04668.png,LY
test_04669.png,BNE
test_04670.png,MMY
test_04671.png,BNE
test_04672.png,MMY
test_04673.png,BL
test_04674.png,BNE
test_04675.png,BNE
test_04676.png,BL
test_04677.png,BNE
test_04678.png,BNE
test_04679.png,BNE
test_04680.png,BL
test_04681.png,BNE
test_04682.png,SNE
test_04683.png,BA
test_04684.png,LY
test_04685.png,BNE
test_04686.png,LY
test_04687.png,BNE
test_04688.png,BL
test_04689.png,BNE
test_04690.png,PC
test_04691.png,BL
test_04692.png,MY
test_04693.png,BNE
test_04694.png,LY
test_04695.png,PC
test_04696.png,BL
test_04697.png,BNE
test_04698.png,BNE
test_04699.png,VLY
test_04700.png,BNE
test_04701.png,MMY
test_04702.png,VLY
test_04703.png,BNE
test_04704.png,MMY
test_04705.png,MMY
test_04706.png,PC
test_04707.png,VLY
test_04708.png,SNE
test_04709.png,SNE
test_04710.png,VLY
test_04711.png,BNE
test_04712.png,EO
test_04713.png,PC
test_04714.png,BL
test_04715.png,BNE
test_04716.png,MO
test_04717.png,BNE
test_04718.png,SNE
test_04719.png,BNE
test_04720.png,BNE
test_04721.png,BL
test_04722.png,MY
test_04723.png,VLY
test_04724.png,VLY
test_04725.png,PC
test_04726.png,BNE
test_04727.png,BNE
test_04728.png,MMY
test_04729.png,LY
test_04730.png,MY
test_04731.png,LY
test_04732.png,BNE
test_04733.png,BNE
test_04734.png,LY
test_04735.png,BNE
test_04736.png,BNE
test_04737.png,BNE
test_04738.png,BNE
test_04739.png,LY
test_04740.png,SNE
test_04741.png,BNE
test_04742.png,SNE
test_04743.png,LY
test_04744.png,BL
test_04745.png,EO
test_04746.png,BL
test_04747.png,VLY
test_04748.png,BNE
test_04749.png,BA
test_04750.png,SNE
test_04751.png,SNE
test_04752.png,LY
test_04753.png,BNE
test_04754.png,VLY
test_04755.png,LY
test_04756.png,PLY
test_04757.png,BNE
test_04758.png,BNE
test_04759.png,EO
test_04760.png,LY
test_04761.png,BNE
test_04762.png,BNE
test_04763.png,LY
test_04764.png,BNE
test_04765.png,BNE
test_04766.png,SNE
test_04767.png,BNE
test_04768.png,MMY
test_04769.png,PC
test_04770.png,PC
test_04771.png,BNE
test_04772.png,BNE
test_04773.png,SNE
test_04774.png,BNE
test_04775.png,EO
test_04776.png,MO
test_04777.png,BNE
test_04778.png,BNE
test_04779.png,MY
test_04780.png,BNE
test_04781.png,BL
test_04782.png,BNE
test_04783.png,BNE
test_04784.png,BNE
test_04785.png,BNE
test_04786.png,MY
test_04787.png,MO
test_04788.png,BA
test_04789.png,LY
test_04790.png,PC
test_04791.png,BNE
test_04792.png,LY
test_04793.png,EO
test_04794.png,BNE
test_04795.png,BNE
test_04796.png,LY
test_04797.png,MMY
test_04798.png,MO
test_04799.png,VLY
test_04800.png,BL
test_04801.png,BNE
test_04802.png,BNE
test_04803.png,MMY
test_04804.png,BNE
test_04805.png,BNE
test_04806.png,BNE
test_04807.png,BL
test_04808.png,SNE
test_04809.png,BNE
test_04810.png,BNE
test_04811.png,EO
test_04812.png,MMY
test_04813.png,BNE
test_04814.png,SNE
test_04815.png,BNE
test_04816.png,MY
test_04817.png,BL
test_04818.png,BNE
test_04819.png,VLY
test_04820.png,MO
test_04821.png,BNE
test_04822.png,BNE
test_04823.png,BNE
test_04824.png,VLY
test_04825.png,BL
test_04826.png,VLY
test_04827.png,BA
test_04828.png,EO
test_04829.png,MMY
test_04830.png,BNE
test_04831.png,BNE
test_04832.png,SNE
test_04833.png,BNE
test_04834.png,MMY
test_04835.png,SNE
test_04836.png,BL
test_04837.png,LY
test_04838.png,MY
test_04839.png,EO
test_04840.png,VLY
test_04841.png,VLY
test_04842.png,BNE
test_04843.png,SNE
test_04844.png,BNE
test_04845.png,EO
test_04846.png,VLY
test_04847.png,EO
test_04848.png,VLY
test_04849.png,MMY
test_04850.png,BNE
test_04851.png,LY
test_04852.png,SNE
test_04853.png,BNE
test_04854.png,PC
test_04855.png,BNE
test_04856.png,MY
test_04857.png,BNE
test_04858.png,LY
test_04859.png,BNE
test_04860.png,BNE
test_04861.png,VLY
test_04862.png,BNE
test_04863.png,SNE
test_04864.png,BNE
test_04865.png,BNE
test_04866.png,BNE
test_04867.png,SNE
test_04868.png,BNE
test_04869.png,EO
test_04870.png,LY
test_04871.png,MY
test_04872.png,MY
test_04873.png,LY
test_04874.png,BNE
test_04875.png,VLY
test_04876.png,BNE
test_04877.png,SNE
test_04878.png,SNE
test_04879.png,LY
test_04880.png,SNE
test_04881.png,BNE
test_04882.png,EO
test_04883.png,BNE
test_04884.png,BNE
test_04885.png,BNE
test_04886.png,SNE
test_04887.png,BA
test_04888.png,BNE
test_04889.png,BNE
test_04890.png,LY
test_04891.png,BA
test_04892.png,BNE
test_04893.png,BNE
test_04894.png,MMY
test_04895.png,VLY
test_04896.png,BNE
test_04897.png,BNE
test_04898.png,LY
test_04899.png,BNE
test_04900.png,MMY
test_04901.png,PC
test_04902.png,SNE
test_04903.png,MMY
test_04904.png,BNE
test_04905.png,VLY
test_04906.png,BL
test_04907.png,LY
test_04908.png,EO
test_04909.png,BNE
test_04910.png,BA
test_04911.png,SNE
test_04912.png,BNE
test_04913.png,SNE
test_04914.png,MY
test_04915.png,BNE
test_04916.png,BL
test_04917.png,BNE
test_04918.png,BNE
test_04919.png,SNE
test_04920.png,EO
test_04921.png,BL
test_04922.png,VLY
test_04923.png,VLY
test_04924.png,MY
test_04925.png,BL
test_04926.png,BNE
test_04927.png,MY
test_04928.png,MMY
test_04929.png,EO
test_04930.png,BNE
test_04931.png,SNE
test_04932.png,BNE
test_04933.png,BNE
test_04934.png,BNE
test_04935.png,BA
test_04936.png,VLY
test_04937.png,MY
test_04938.png,BNE
test_04939.png,BNE
test_04940.png,MY
test_04941.png,BNE
test_04942.png,BL
test_04943.png,BNE
test_04944.png,BNE
test_04945.png,BNE
test_04946.png,LY
test_04947.png,BNE
test_04948.png,BNE
test_04949.png,BNE
test_04950.png,BNE
test_04951.png,LY
test_04952.png,LY
test_04953.png,LY
test_04954.png,SNE
test_04955.png,BNE
test_04956.png,BNE
test_04957.png,BNE
test_04958.png,PC
test_04959.png,BNE
test_04960.png,SNE
test_04961.png,BA
test_04962.png,BNE
test_04963.png,LY
test_04964.png,BNE
test_04965.png,BNE
test_04966.png,VLY
test_04967.png,VLY
test_04968.png,BNE
test_04969.png,BL
test_04970.png,BNE
test_04971.png,SNE
test_04972.png,BNE
test_04973.png,BNE
test_04974.png,BL
test_04975.png,BNE
test_04976.png,BL
test_04977.png,EO
test_04978.png,BNE
test_04979.png,MMY
test_04980.png,EO
test_04981.png,MY
test_04982.png,VLY
test_04983.png,BNE
test_04984.png,BNE
test_04985.png,LY
test_04986.png,EO
test_04987.png,VLY
test_04988.png,BL
test_04989.png,PC
test_04990.png,BL
test_04991.png,BNE
test_04992.png,SNE
test_04993.png,PC
test_04994.png,BNE
test_04995.png,VLY
test_04996.png,BNE
test_04997.png,BNE
test_04998.png,BNE
test_04999.png,BNE
test_05000.png,SNE
test_05001.png,BNE
test_05002.png,MY
test_05003.png,BNE
test_05004.png,SNE
test_05005.png,BNE
test_05006.png,BL
test_05007.png,LY
test_05008.png,BNE
test_05009.png,PC
test_05010.png,BNE
test_05011.png,VLY
test_05012.png,BNE
test_05013.png,BNE
test_05014.png,MY
test_05015.png,VLY
test_05016.png,LY
test_05017.png,SNE
test_05018.png,MMY
test_05019.png,BNE
test_05020.png,SNE
test_05021.png,MMY
test_05022.png,LY
test_05023.png,MO
test_05024.png,LY
test_05025.png,LY
test_05026.png,MO
test_05027.png,BNE
test_05028.png,MO
test_05029.png,EO
test_05030.png,LY
test_05031.png,VLY
test_05032.png,MMY
test_05033.png,BNE
test_05034.png,BNE
test_05035.png,BNE
test_05036.png,MMY
test_05037.png,VLY
test_05038.png,BL
test_05039.png,BNE
test_05040.png,MMY
test_05041.png,BNE
test_05042.png,BNE
test_05043.png,BNE
test_05044.png,BNE
test_05045.png,SNE
test_05046.png,LY
test_05047.png,SNE
test_05048.png,BNE
test_05049.png,BNE
test_05050.png,BNE
test_05051.png,BNE
test_05052.png,BNE
test_05053.png,MMY
test_05054.png,BNE
test_05055.png,BNE
test_05056.png,BL
test_05057.png,LY
test_05058.png,BNE
test_05059.png,LY
test_05060.png,BNE
test_05061.png,EO
test_05062.png,BL
test_05063.png,BL
test_05064.png,BNE
test_05065.png,MY
test_05066.png,MY
test_05067.png,BNE
test_05068.png,PC
test_05069.png,PC
test_05070.png,BNE
test_05071.png,BNE
test_05072.png,SNE
test_05073.png,EO
test_05074.png,MY
test_05075.png,LY
test_05076.png,BNE
test_05077.png,BNE
test_05078.png,LY
test_05079.png,BNE
test_05080.png,BNE
test_05081.png,BNE
test_05082.png,BL
test_05083.png,BNE
test_05084.png,BL
test_05085.png,BNE
test_05086.png,PMY
test_05087.png,BNE
test_05088.png,BNE
test_05089.png,EO
test_05090.png,PMY
test_05091.png,VLY
test_05092.png,BNE
test_05093.png,BNE
test_05094.png,SNE
test_05095.png,SNE
test_05096.png,BL
test_05097.png,PC
test_05098.png,BNE
test_05099.png,PC
test_05100.png,BNE
test_05101.png,LY
test_05102.png,BNE
test_05103.png,LY
test_05104.png,BNE
test_05105.png,BNE
test_05106.png,BNE
test_05107.png,LY
test_05108.png,BNE
test_05109.png,BL
test_05110.png,BNE
test_05111.png,BNE
test_05112.png,LY
test_05113.png,LY
test_05114.png,SNE
test_05115.png,BL
test_05116.png,MY
test_05117.png,BNE
test_05118.png,BNE
test_05119.png,MMY
test_05120.png,VLY
test_05121.png,LY
test_05122.png,MY
test_05123.png,BL
test_05124.png,BNE
test_05125.png,BNE
test_05126.png,BNE
test_05127.png,MO
test_05128.png,BNE
test_05129.png,BNE
test_05130.png,BL
test_05131.png,BNE
test_05132.png,LY
test_05133.png,LY
test_05134.png,BNE
test_05135.png,BNE
test_05136.png,BNE
test_05137.png,BNE
test_05138.png,EO
test_05139.png,EO
test_05140.png,BNE
test_05141.png,MY
test_05142.png,VLY
test_05143.png,MY
test_05144.png,BNE
test_05145.png,BNE
test_05146.png,VLY
test_05147.png,SNE
test_05148.png,BNE
test_05149.png,LY
test_05150.png,MMY
test_05151.png,BA
test_05152.png,LY
test_05153.png,VLY
test_05154.png,BNE
test_05155.png,BNE
test_05156.png,EO
test_05157.png,EO
test_05158.png,SNE
test_05159.png,LY
test_05160.png,BNE
test_05161.png,SNE
test_05162.png,MMY
test_05163.png,SNE
test_05164.png,SNE
test_05165.png,SNE
test_05166.png,VLY
test_05167.png,MY
test_05168.png,MMY
test_05169.png,BNE
test_05170.png,BNE
test_05171.png,BNE
test_05172.png,MMY
test_05173.png,BNE
test_05174.png,MY
test_05175.png,PC
test_05176.png,BL
test_05177.png,BNE
test_05178.png,BL
test_05179.png,BNE
test_05180.png,BNE
test_05181.png,MO
test_05182.png,BNE
test_05183.png,BNE
test_05184.png,SNE
test_05185.png,BNE
test_05186.png,EO
test_05187.png,BNE
test_05188.png,BNE
test_05189.png,LY
test_05190.png,BL
test_05191.png,MMY
test_05192.png,VLY
test_05193.png,MY
test_05194.png,MMY
test_05195.png,BNE
test_05196.png,BNE
test_05197.png,SNE
test_05198.png,SNE
test_05199.png,VLY
test_05200.png,SNE
test_05201.png,PC
test_05202.png,SNE
test_05203.png,SNE
test_05204.png,SNE
test_05205.png,SNE
test_05206.png,SNE
test_05207.png,SNE
test_05208.png,MO
test_05209.png,LY
test_05210.png,BNE
test_05211.png,PC
test_05212.png,VLY
test_05213.png,BNE
test_05214.png,EO
test_05215.png,VLY
test_05216.png,PC
test_05217.png,BNE
test_05218.png,PC
test_05219.png,LY
test_05220.png,MO
test_05221.png,MY
test_05222.png,VLY
test_05223.png,EO
test_05224.png,LY
test_05225.png,BA
test_05226.png,SNE
test_05227.png,BNE
test_05228.png,MO
test_05229.png,VLY
test_05230.png,BNE
test_05231.png,BL
test_05232.png,BNE
test_05233.png,MY
test_05234.png,BNE
test_05235.png,BNE
test_05236.png,BNE
test_05237.png,BNE
test_05238.png,BNE
test_05239.png,EO
test_05240.png,VLY
test_05241.png,BNE
test_05242.png,BNE
test_05243.png,BNE
test_05244.png,SNE
test_05245.png,BL
test_05246.png,SNE
test_05247.png,BNE
test_05248.png,SNE
test_05249.png,PC
test_05250.png,LY
test_05251.png,LY
test_05252.png,SNE
test_05253.png,LY
test_05254.png,BNE
test_05255.png,BNE
test_05256.png,VLY
test_05257.png,EO
test_05258.png,MO
test_05259.png,SNE
test_05260.png,BNE
test_05261.png,SNE
test_05262.png,BNE
test_05263.png,MY
test_05264.png,BNE
test_05265.png,BNE
test_05266.png,BL
test_05267.png,SNE
test_05268.png,BNE
test_05269.png,BNE
test_05270.png,BNE
test_05271.png,LY
test_05272.png,BNE
test_05273.png,BNE
test_05274.png,BNE
test_05275.png,BNE
test_05276.png,VLY
test_05277.png,VLY
test_05278.png,BNE
test_05279.png,BNE
test_05280.png,BL
test_05281.png,BNE
test_05282.png,VLY
test_05283.png,BL
test_05284.png,LY
test_05285.png,VLY
test_05286.png,BL
test_05287.png,BNE
test_05288.png,LY
test_05289.png,MMY
test_05290.png,BNE
test_05291.png,BNE
test_05292.png,BA
test_05293.png,BNE
test_05294.png,LY
test_05295.png,VLY
test_05296.png,BNE
test_05297.png,VLY
test_05298.png,BL
test_05299.png,EO
test_05300.png,SNE
test_05301.png,SNE
test_05302.png,BL
test_05303.png,BNE
test_05304.png,EO
test_05305.png,PC
test_05306.png,SNE
test_05307.png,LY
test_05308.png,BNE
test_05309.png,SNE
test_05310.png,BNE
test_05311.png,BNE
test_05312.png,PC
test_05313.png,PC
test_05314.png,BNE
test_05315.png,BNE
test_05316.png,BNE
test_05317.png,BNE
test_05318.png,PC
test_05319.png,BNE
test_05320.png,BNE
test_05321.png,MY
test_05322.png,MO
test_05323.png,MO
test_05324.png,PC
test_05325.png,MMY
test_05326.png,BNE
test_05327.png,BNE
test_05328.png,VLY
test_05329.png,VLY
test_05330.png,SNE
test_05331.png,SNE
test_05332.png,LY
test_05333.png,MY
test_05334.png,SNE
test_05335.png,EO
test_05336.png,EO
test_05337.png,BNE
test_05338.png,BL
test_05339.png,PC
test_05340.png,LY
test_05341.png,LY
test_05342.png,VLY
test_05343.png,BNE
test_05344.png,BL
test_05345.png,BNE
test_05346.png,BNE
test_05347.png,BNE
test_05348.png,BL
test_05349.png,PC
test_05350.png,BNE
test_05351.png,MO
test_05352.png,BNE
test_05353.png,BNE
test_05354.png,LY
test_05355.png,BL
test_05356.png,SNE
test_05357.png,MMY
test_05358.png,LY
test_05359.png,MY
test_05360.png,MY
test_05361.png,SNE
test_05362.png,SNE
test_05363.png,BNE
test_05364.png,BNE
test_05365.png,MO
test_05366.png,MMY
test_05367.png,BNE
test_05368.png,VLY
test_05369.png,BL
test_05370.png,BNE
test_05371.png,BL
test_05372.png,BNE
test_05373.png,BL
test_05374.png,SNE
test_05375.png,PC
test_05376.png,BNE
test_05377.png,PLY
test_05378.png,MMY
test_05379.png,MMY
test_05380.png,BNE
test_05381.png,PC
test_05382.png,BL
test_05383.png,VLY
test_05384.png,SNE
test_05385.png,MO
test_05386.png,VLY
test_05387.png,SNE
test_05388.png,MMY
test_05389.png,PC
test_05390.png,BL
test_05391.png,EO
test_05392.png,LY
test_05393.png,BNE
test_05394.png,MMY
test_05395.png,BNE
test_05396.png,MY
test_05397.png,SNE
test_05398.png,SNE
test_05399.png,LY
test_05400.png,BNE
test_05401.png,BNE
test_05402.png,PLY
test_05403.png,BA
test_05404.png,BL
test_05405.png,BNE
test_05406.png,BNE
test_05407.png,BNE
test_05408.png,BNE
test_05409.png,MY
test_05410.png,BNE
test_05411.png,BA
test_05412.png,PC
test_05413.png,MMY
test_05414.png,BNE
test_05415.png,LY
test_05416.png,BNE
test_05417.png,LY
test_05418.png,BNE
test_05419.png,BNE
test_05420.png,LY
test_05421.png,SNE
test_05422.png,MY
test_05423.png,MY
test_05424.png,SNE
test_05425.png,BA
test_05426.png,EO
test_05427.png,MMY
test_05428.png,LY
test_05429.png,BNE
test_05430.png,BNE
test_05431.png,LY
test_05432.png,VLY
test_05433.png,MY
test_05434.png,LY
test_05435.png,BL
test_05436.png,SNE
test_05437.png,BNE
test_05438.png,BNE
test_05439.png,LY
test_05440.png,LY
test_05441.png,LY
test_05442.png,BNE
test_05443.png,BNE
test_05444.png,MO
test_05445.png,MY
test_05446.png,LY
test_05447.png,BNE
test_05448.png,BNE
test_05449.png,SNE
test_05450.png,BL
test_05451.png,EO
test_05452.png,BNE
test_05453.png,BNE
test_05454.png,MY
test_05455.png,EO
test_05456.png,LY
test_05457.png,BNE
test_05458.png,BNE
test_05459.png,BA
test_05460.png,LY
test_05461.png,VLY
test_05462.png,LY
test_05463.png,VLY
test_05464.png,BNE
test_05465.png,BNE
test_05466.png,BL
test_05467.png,BNE
test_05468.png,EO
test_05469.png,BNE
test_05470.png,BNE
test_05471.png,BA
test_05472.png,BNE
test_05473.png,LY
test_05474.png,SNE
test_05475.png,VLY
test_05476.png,MO
test_05477.png,BNE
test_05478.png,PC
test_05479.png,MMY
test_05480.png,BNE
test_05481.png,EO
test_05482.png,PLY
test_05483.png,BNE
test_05484.png,BL
test_05485.png,LY
test_05486.png,BNE
test_05487.png,LY
test_05488.png,MMY
test_05489.png,SNE
test_05490.png,BNE
test_05491.png,VLY
test_05492.png,BNE
test_05493.png,SNE
test_05494.png,BNE
test_05495.png,BL
test_05496.png,LY
test_05497.png,BNE
test_05498.png,BNE
test_05499.png,BNE
test_05500.png,MY
test_05501.png,MO
test_05502.png,BNE
test_05503.png,VLY
test_05504.png,LY
test_05505.png,VLY
test_05506.png,BNE
test_05507.png,VLY
test_05508.png,MMY
test_05509.png,SNE
test_05510.png,BNE
test_05511.png,MMY
test_05512.png,PC
test_05513.png,SNE
test_05514.png,BNE
test_05515.png,EO
test_05516.png,BNE
test_05517.png,VLY
test_05518.png,BNE
test_05519.png,SNE
test_05520.png,LY
test_05521.png,BNE
test_05522.png,BNE
test_05523.png,BNE
test_05524.png,PC
test_05525.png,LY
test_05526.png,MY
test_05527.png,PLY
test_05528.png,BNE
test_05529.png,BL
test_05530.png,MY
test_05531.png,VLY
test_05532.png,SNE
test_05533.png,LY
test_05534.png,BNE
test_05535.png,MMY
test_05536.png,LY
test_05537.png,VLY
test_05538.png,SNE
test_05539.png,SNE
test_05540.png,LY
test_05541.png,BNE
test_05542.png,EO
test_05543.png,MMY
test_05544.png,BNE
test_05545.png,BNE
test_05546.png,BNE
test_05547.png,VLY
test_05548.png,EO
test_05549.png,LY
test_05550.png,PC
test_05551.png,MY
test_05552.png,BNE
test_05553.png,SNE
test_05554.png,BNE
test_05555.png,BNE
test_05556.png,BNE
test_05557.png,MO
test_05558.png,BNE
test_05559.png,SNE
test_05560.png,LY
test_05561.png,SNE
test_05562.png,MY
test_05563.png,PC
test_05564.png,LY
test_05565.png,BNE
test_05566.png,MY
test_05567.png,LY
test_05568.png,BNE
test_05569.png,BNE
test_05570.png,BNE
test_05571.png,BL
test_05572.png,LY
test_05573.png,EO
test_05574.png,VLY
test_05575.png,BNE
test_05576.png,BNE
test_05577.png,MMY
test_05578.png,BNE
test_05579.png,MMY
test_05580.png,BL
test_05581.png,BNE
test_05582.png,MMY
test_05583.png,LY
test_05584.png,MMY
test_05585.png,BNE
test_05586.png,BNE
test_05587.png,BL
test_05588.png,MY
test_05589.png,LY
test_05590.png,BL
test_05591.png,BNE
test_05592.png,BNE
test_05593.png,SNE
test_05594.png,VLY
test_05595.png,PMY
test_05596.png,BL
test_05597.png,BNE
test_05598.png,SNE
test_05599.png,EO
test_05600.png,BL
test_05601.png,BL
test_05602.png,SNE
test_05603.png,BNE
test_05604.png,MY
test_05605.png,BNE
test_05606.png,BNE
test_05607.png,MMY
test_05608.png,LY
test_05609.png,MMY
test_05610.png,BNE
test_05611.png,BNE
test_05612.png,BNE
test_05613.png,VLY
test_05614.png,BNE
test_05615.png,BNE
test_05616.png,LY
test_05617.png,LY
test_05618.png,MY
test_05619.png,LY
test_05620.png,BNE
test_05621.png,SNE
test_05622.png,BNE
test_05623.png,MMY
test_05624.png,VLY
test_05625.png,BNE
test_05626.png,LY
test_05627.png,BA
test_05628.png,MMY
test_05629.png,BNE
test_05630.png,BNE
test_05631.png,LY
test_05632.png,BNE
test_05633.png,LY
test_05634.png,BNE
test_05635.png,BNE
test_05636.png,BNE
test_05637.png,BNE
test_05638.png,BNE
test_05639.png,MY
test_05640.png,MY
test_05641.png,BNE
test_05642.png,BNE
test_05643.png,PLY
test_05644.png,BNE
test_05645.png,BNE
test_05646.png,SNE
test_05647.png,SNE
test_05648.png,BNE
test_05649.png,BNE
test_05650.png,BNE
test_05651.png,BNE
test_05652.png,BNE
test_05653.png,BNE
test_05654.png,SNE
test_05655.png,LY
test_05656.png,BNE
test_05657.png,LY
test_05658.png,BNE
test_05659.png,BNE
test_05660.png,BNE
test_05661.png,MY
test_05662.png,LY
test_05663.png,MY
test_05664.png,MMY
test_05665.png,SNE
test_05666.png,MO
test_05667.png,EO
test_05668.png,BNE
test_05669.png,SNE
test_05670.png,LY
test_05671.png,BNE
test_05672.png,BNE
test_05673.png,BNE
test_05674.png,BL
test_05675.png,BNE
test_05676.png,BNE
test_05677.png,BL
test_05678.png,VLY
test_05679.png,LY
test_05680.png,MMY
test_05681.png,SNE
test_05682.png,LY
test_05683.png,SNE
test_05684.png,BNE
test_05685.png,BNE
test_05686.png,VLY
test_05687.png,BA
test_05688.png,BL
test_05689.png,BNE
test_05690.png,BNE
test_05691.png,MY
test_05692.png,SNE
test_05693.png,MY
test_05694.png,BNE
test_05695.png,BNE
test_05696.png,EO
test_05697.png,PC
test_05698.png,MY
test_05699.png,BNE
test_05700.png,MO
test_05701.png,MMY
test_05702.png,PC
test_05703.png,PMY
test_05704.png,LY
test_05705.png,SNE
test_05706.png,BA
test_05707.png,BNE
test_05708.png,MY
test_05709.png,MMY
test_05710.png,MY
test_05711.png,BNE
test_05712.png,BNE
test_05713.png,MY
test_05714.png,MMY
test_05715.png,EO
test_05716.png,EO
test_05717.png,BNE
test_05718.png,BNE
test_05719.png,BL
test_05720.png,BNE
test_05721.png,LY
test_05722.png,MMY
test_05723.png,BNE
test_05724.png,BL
test_05725.png,LY
test_05726.png,BNE
test_05727.png,BNE
test_05728.png,SNE
test_05729.png,MO
test_05730.png,BNE
test_05731.png,LY
test_05732.png,SNE
test_05733.png,PC
test_05734.png,BNE
test_05735.png,BNE
test_05736.png,SNE
test_05737.png,PMY
test_05738.png,MY
test_05739.png,BL
test_05740.png,MMY
test_05741.png,BL
test_05742.png,BNE
test_05743.png,BNE
test_05744.png,BL
test_05745.png,BNE
test_05746.png,MO
test_05747.png,BNE
test_05748.png,MY
test_05749.png,BNE
test_05750.png,PC
test_05751.png,EO
test_05752.png,BNE
test_05753.png,BNE
test_05754.png,LY
test_05755.png,BNE
test_05756.png,SNE
test_05757.png,BNE
test_05758.png,LY
test_05759.png,LY
test_05760.png,SNE
test_05761.png,BNE
test_05762.png,BNE
test_05763.png,LY
test_05764.png,BNE
test_05765.png,SNE
test_05766.png,BNE
test_05767.png,BNE
test_05768.png,LY
test_05769.png,BNE
test_05770.png,PC
test_05771.png,SNE
test_05772.png,MY
test_05773.png,BNE
test_05774.png,MY
test_05775.png,BNE
test_05776.png,BA
test_05777.png,SNE
test_05778.png,PC
test_05779.png,VLY
test_05780.png,MY
test_05781.png,BNE
test_05782.png,MMY
test_05783.png,VLY
test_05784.png,BL
test_05785.png,SNE
test_05786.png,LY
test_05787.png,LY
test_05788.png,BNE
test_05789.png,VLY
test_05790.png,BNE
test_05791.png,SNE
test_05792.png,EO
test_05793.png,SNE
test_05794.png,EO
test_05795.png,BNE
test_05796.png,SNE
test_05797.png,SNE
test_05798.png,BNE
test_05799.png,BNE
test_05800.png,BNE
test_05801.png,EO
test_05802.png,MMY
test_05803.png,BA
test_05804.png,VLY
test_05805.png,BNE
test_05806.png,VLY
test_05807.png,MMY
test_05808.png,EO
test_05809.png,MMY
test_05810.png,MY
test_05811.png,SNE
test_05812.png,BNE
test_05813.png,LY
test_05814.png,BNE
test_05815.png,SNE
test_05816.png,EO
test_05817.png,BL
test_05818.png,BNE
test_05819.png,BNE
test_05820.png,BNE
test_05821.png,SNE
test_05822.png,EO
test_05823.png,BNE
test_05824.png,BNE
test_05825.png,BNE
test_05826.png,MY
test_05827.png,BNE
test_05828.png,BNE
test_05829.png,BNE
test_05830.png,BNE
test_05831.png,BNE
test_05832.png,BNE
test_05833.png,BNE
test_05834.png,BL
test_05835.png,BNE
test_05836.png,LY
test_05837.png,SNE
test_05838.png,MMY
test_05839.png,BNE
test_05840.png,BNE
test_05841.png,SNE
test_05842.png,MO
test_05843.png,BNE
test_05844.png,SNE
test_05845.png,LY
test_05846.png,LY
test_05847.png,VLY
test_05848.png,BL
test_05849.png,LY
test_05850.png,BNE
test_05851.png,BL
test_05852.png,VLY
test_05853.png,BL
test_05854.png,SNE
test_05855.png,BNE
test_05856.png,BNE
test_05857.png,MY
test_05858.png,BNE
test_05859.png,BNE
test_05860.png,BL
test_05861.png,BNE
test_05862.png,BNE
test_05863.png,MY
test_05864.png,BNE
test_05865.png,BNE
test_05866.png,MMY
test_05867.png,BNE
test_05868.png,MO
test_05869.png,EO
test_05870.png,BNE
test_05871.png,SNE
test_05872.png,SNE
test_05873.png,BNE
test_05874.png,BNE
test_05875.png,BNE
test_05876.png,SNE
test_05877.png,SNE
test_05878.png,BL
test_05879.png,BA
test_05880.png,LY
test_05881.png,EO
test_05882.png,BNE
test_05883.png,LY
test_05884.png,EO
test_05885.png,BNE
test_05886.png,BNE
test_05887.png,BNE
test_05888.png,BNE
test_05889.png,LY
test_05890.png,BNE
test_05891.png,BNE
test_05892.png,LY
test_05893.png,MY
test_05894.png,MMY
test_05895.png,LY
test_05896.png,BNE
test_05897.png,BNE
test_05898.png,SNE
test_05899.png,BL
test_05900.png,VLY
test_05901.png,LY
test_05902.png,BNE
test_05903.png,BNE
test_05904.png,MO
test_05905.png,BNE
test_05906.png,BNE
test_05907.png,MMY
test_05908.png,BNE
test_05909.png,BNE
test_05910.png,BNE
test_05911.png,SNE
test_05912.png,BNE
test_05913.png,SNE
test_05914.png,VLY
test_05915.png,MY
test_05916.png,LY
test_05917.png,SNE
test_05918.png,LY
test_05919.png,MMY
test_05920.png,SNE
test_05921.png,SNE
test_05922.png,BNE
test_05923.png,VLY
test_05924.png,VLY
test_05925.png,VLY
test_05926.png,BNE
test_05927.png,BNE
test_05928.png,BNE
test_05929.png,EO
test_05930.png,LY
test_05931.png,BNE
test_05932.png,BL
test_05933.png,MY
test_05934.png,BNE
test_05935.png,BNE
test_05936.png,BNE
test_05937.png,MO
test_05938.png,MO
test_05939.png,MY
test_05940.png,VLY
test_05941.png,MY
test_05942.png,BL
test_05943.png,VLY
test_05944.png,VLY
test_05945.png,BNE
test_05946.png,MMY
test_05947.png,BNE
test_05948.png,VLY
test_05949.png,PC
test_05950.png,PC
test_05951.png,MY
test_05952.png,VLY
test_05953.png,BNE
test_05954.png,LY
test_05955.png,LY
test_05956.png,LY
test_05957.png,VLY
test_05958.png,VLY
test_05959.png,MO
test_05960.png,VLY
test_05961.png,BNE
test_05962.png,SNE
test_05963.png,BNE
test_05964.png,BNE
test_05965.png,VLY
test_05966.png,BNE
test_05967.png,BNE
test_05968.png,LY
test_05969.png,BL
test_05970.png,LY
test_05971.png,LY
test_05972.png,BNE
test_05973.png,BNE
test_05974.png,SNE
test_05975.png,BNE
test_05976.png,SNE
test_05977.png,BNE
test_05978.png,VLY
test_05979.png,LY
test_05980.png,BNE
test_05981.png,VLY
test_05982.png,BNE
test_05983.png,MMY
test_05984.png,BL
test_05985.png,PLY
test_05986.png,BNE
test_05987.png,MY
test_05988.png,BNE
test_05989.png,BL
test_05990.png,BNE
test_05991.png,BNE
test_05992.png,BNE
test_05993.png,BNE
test_05994.png,BNE
test_05995.png,BNE
test_05996.png,LY
test_05997.png,BNE
test_05998.png,BL
test_05999.png,BL
test_06000.png,BL
test_06001.png,VLY
test_06002.png,PC
test_06003.png,BNE
test_06004.png,BNE
test_06005.png,BNE
test_06006.png,VLY
test_06007.png,VLY
test_06008.png,BNE
test_06009.png,MY
test_06010.png,BNE
test_06011.png,BNE
test_06012.png,BNE
test_06013.png,MMY
test_06014.png,BNE
test_06015.png,PC
test_06016.png,BNE
test_06017.png,BNE
test_06018.png,EO
test_06019.png,LY
test_06020.png,MY
test_06021.png,PLY
test_06022.png,BNE
test_06023.png,BNE
test_06024.png,VLY
test_06025.png,BNE
test_06026.png,MMY
test_06027.png,SNE
test_06028.png,LY
test_06029.png,MY
test_06030.png,BNE
test_06031.png,BNE
test_06032.png,SNE
test_06033.png,MO
test_06034.png,SNE
test_06035.png,VLY
test_06036.png,SNE
test_06037.png,SNE
test_06038.png,SNE
test_06039.png,BNE
test_06040.png,VLY
test_06041.png,BNE
test_06042.png,MY
test_06043.png,BL
test_06044.png,BNE
test_06045.png,LY
test_06046.png,VLY
test_06047.png,BL
test_06048.png,BNE
test_06049.png,VLY
test_06050.png,SNE
test_06051.png,MO
test_06052.png,BNE
test_06053.png,EO
test_06054.png,MY
test_06055.png,SNE
test_06056.png,MY
test_06057.png,BNE
test_06058.png,BNE
test_06059.png,VLY
test_06060.png,BNE
test_06061.png,MY
test_06062.png,BNE
test_06063.png,PC
test_06064.png,BNE
test_06065.png,BNE
test_06066.png,BNE
test_06067.png,MMY
test_06068.png,BNE
test_06069.png,SNE
test_06070.png,MY
test_06071.png,BNE
test_06072.png,BNE
test_06073.png,LY
test_06074.png,BNE
test_06075.png,BL
test_06076.png,BNE
test_06077.png,MMY
test_06078.png,BNE
test_06079.png,BA
test_06080.png,MO
test_06081.png,BL
test_06082.png,BNE
test_06083.png,BNE
test_06084.png,BNE
test_06085.png,LY
test_06086.png,BNE
test_06087.png,BNE
test_06088.png,BL
test_06089.png,MY
test_06090.png,BNE
test_06091.png,MO
test_06092.png,BNE
test_06093.png,BNE
test_06094.png,BNE
test_06095.png,BNE
test_06096.png,BNE
test_06097.png,BNE
test_06098.png,BNE
test_06099.png,BNE
test_06100.png,BNE
test_06101.png,BNE
test_06102.png,BNE
test_06103.png,BL
test_06104.png,BNE
test_06105.png,BNE
test_06106.png,MO
test_06107.png,BNE
test_06108.png,PMY
test_06109.png,BL
test_06110.png,BNE
test_06111.png,BNE
test_06112.png,BNE
test_06113.png,PC
test_06114.png,EO
test_06115.png,BNE
test_06116.png,BNE
test_06117.png,MY
test_06118.png,MO
test_06119.png,MY
test_06120.png,BNE
test_06121.png,VLY
test_06122.png,SNE
test_06123.png,BNE
test_06124.png,BA
test_06125.png,SNE
test_06126.png,BL
test_06127.png,BNE
test_06128.png,BNE
test_06129.png,SNE
test_06130.png,MMY
test_06131.png,MY
test_06132.png,VLY
test_06133.png,BNE
test_06134.png,BNE
test_06135.png,LY
test_06136.png,BNE
test_06137.png,VLY
test_06138.png,MMY
test_06139.png,BNE
test_06140.png,LY
test_06141.png,BNE
test_06142.png,BL
test_06143.png,LY
test_06144.png,BNE
test_06145.png,LY
test_06146.png,MY
test_06147.png,BL
test_06148.png,BNE
test_06149.png,VLY
test_06150.png,EO
test_06151.png,MMY
test_06152.png,SNE
test_06153.png,EO
test_06154.png,SNE
test_06155.png,BL
test_06156.png,BNE
test_06157.png,BNE
test_06158.png,SNE
test_06159.png,SNE
test_06160.png,LY
test_06161.png,SNE
test_06162.png,BNE
test_06163.png,BNE
test_06164.png,BL
test_06165.png,PC
test_06166.png,LY
test_06167.png,VLY
test_06168.png,SNE
test_06169.png,VLY
test_06170.png,EO
test_06171.png,BNE
test_06172.png,BL
test_06173.png,BL
test_06174.png,LY
test_06175.png,BNE
test_06176.png,EO
test_06177.png,BA
test_06178.png,EO
test_06179.png,EO
test_06180.png,BNE
test_06181.png,BNE
test_06182.png,LY
test_06183.png,LY
test_06184.png,MO
test_06185.png,PC
test_06186.png,BNE
test_06187.png,MMY
test_06188.png,LY
test_06189.png,BNE
test_06190.png,BNE
test_06191.png,SNE
test_06192.png,LY
test_06193.png,MMY
test_06194.png,BL
test_06195.png,MO
test_06196.png,BNE
test_06197.png,BL
test_06198.png,LY
test_06199.png,SNE
test_06200.png,BNE
test_06201.png,BNE
test_06202.png,LY
test_06203.png,BNE
test_06204.png,LY
test_06205.png,LY
test_06206.png,BNE
test_06207.png,VLY
test_06208.png,BNE
test_06209.png,MY
test_06210.png,BNE
test_06211.png,BNE
test_06212.png,BNE
test_06213.png,MY
test_06214.png,PC
test_06215.png,LY
test_06216.png,MMY
test_06217.png,MY
test_06218.png,MY
test_06219.png,BL
test_06220.png,BNE
test_06221.png,LY
test_06222.png,MY
test_06223.png,BNE
test_06224.png,BA
test_06225.png,BNE
test_06226.png,VLY
test_06227.png,BNE
test_06228.png,EO
test_06229.png,LY
test_06230.png,BNE
test_06231.png,BNE
test_06232.png,SNE
test_06233.png,BNE
test_06234.png,MY
test_06235.png,LY
test_06236.png,BNE
test_06237.png,PC
test_06238.png,MY
test_06239.png,MMY
test_06240.png,EO
test_06241.png,VLY
test_06242.png,SNE
test_06243.png,LY
test_06244.png,BNE
test_06245.png,BNE
test_06246.png,SNE
test_06247.png,VLY
test_06248.png,BNE
test_06249.png,BA
test_06250.png,MMY
test_06251.png,VLY
test_06252.png,SNE
test_06253.png,BNE
test_06254.png,BNE
test_06255.png,BNE
test_06256.png,BNE
test_06257.png,EO
test_06258.png,EO
test_06259.png,LY
test_06260.png,SNE
test_06261.png,BL
test_06262.png,LY
test_06263.png,MO
test_06264.png,EO
test_06265.png,MMY
test_06266.png,LY
test_06267.png,SNE
test_06268.png,BA
test_06269.png,BNE
test_06270.png,MY
test_06271.png,BNE
test_06272.png,BNE
test_06273.png,BA
test_06274.png,BL
test_06275.png,BNE
test_06276.png,BNE
test_06277.png,LY
test_06278.png,MO
test_06279.png,MY
test_06280.png,BNE
test_06281.png,BNE
test_06282.png,BA
test_06283.png,LY
test_06284.png,BNE
test_06285.png,EO
test_06286.png,BNE
test_06287.png,LY
test_06288.png,VLY
test_06289.png,SNE
test_06290.png,BNE
test_06291.png,SNE
test_06292.png,VLY
test_06293.png,LY
test_06294.png,BNE
test_06295.png,MMY
test_06296.png,PC
test_06297.png,SNE
test_06298.png,BL
test_06299.png,BNE
test_06300.png,BNE
test_06301.png,BNE
test_06302.png,BNE
test_06303.png,MY
test_06304.png,MMY
test_06305.png,MO
test_06306.png,BNE
test_06307.png,BNE
test_06308.png,BNE
test_06309.png,LY
test_06310.png,MO
test_06311.png,BNE
test_06312.png,VLY
test_06313.png,BL
test_06314.png,BNE
test_06315.png,VLY
test_06316.png,PC
test_06317.png,PC
test_06318.png,BNE
test_06319.png,VLY
test_06320.png,BNE
test_06321.png,BNE
test_06322.png,BNE
test_06323.png,MY
test_06324.png,BNE
test_06325.png,BNE
test_06326.png,BL
test_06327.png,MY
test_06328.png,BL
test_06329.png,BNE
test_06330.png,MY
test_06331.png,BL
test_06332.png,VLY
test_06333.png,BNE
test_06334.png,LY
test_06335.png,BNE
test_06336.png,BNE
test_06337.png,BNE
test_06338.png,BNE
test_06339.png,SNE
test_06340.png,BL
test_06341.png,BNE
test_06342.png,VLY
test_06343.png,BNE
test_06344.png,BNE
test_06345.png,BNE
test_06346.png,PC
test_06347.png,LY
test_06348.png,LY
test_06349.png,LY
test_06350.png,SNE
test_06351.png,BNE
test_06352.png,MY
test_06353.png,MMY
test_06354.png,BNE
test_06355.png,MO
test_06356.png,LY
test_06357.png,SNE
test_06358.png,BNE
test_06359.png,BNE
test_06360.png,MY
test_06361.png,BNE
test_06362.png,LY
test_06363.png,BNE
test_06364.png,EO
test_06365.png,LY
test_06366.png,SNE
test_06367.png,MY
test_06368.png,VLY
test_06369.png,BNE
test_06370.png,LY
test_06371.png,SNE
test_06372.png,LY
test_06373.png,PC
test_06374.png,SNE
test_06375.png,BNE
test_06376.png,LY
test_06377.png,LY
test_06378.png,VLY
test_06379.png,BNE
test_06380.png,MY
test_06381.png,BL
test_06382.png,BNE
test_06383.png,VLY
test_06384.png,BL
test_06385.png,SNE
test_06386.png,LY
test_06387.png,PC
test_06388.png,BNE
test_06389.png,LY
test_06390.png,VLY
test_06391.png,BNE
test_06392.png,BNE
test_06393.png,BL
test_06394.png,EO
test_06395.png,BNE
test_06396.png,MMY
test_06397.png,SNE
test_06398.png,BNE
test_06399.png,SNE
test_06400.png,BNE
test_06401.png,LY
test_06402.png,MY
test_06403.png,MY
test_06404.png,VLY
test_06405.png,VLY
test_06406.png,LY
test_06407.png,BNE
test_06408.png,BNE
test_06409.png,MY
test_06410.png,BNE
test_06411.png,BNE
test_06412.png,BL
test_06413.png,PC
test_06414.png,PLY
test_06415.png,BNE
test_06416.png,BNE
test_06417.png,BNE
test_06418.png,BNE
test_06419.png,VLY
test_06420.png,LY
test_06421.png,EO
test_06422.png,BNE
test_06423.png,MY
test_06424.png,LY
test_06425.png,BNE
test_06426.png,EO
test_06427.png,MMY
test_06428.png,SNE
test_06429.png,SNE
test_06430.png,BL
test_06431.png,MMY
test_06432.png,BL
test_06433.png,LY
test_06434.png,BNE
test_06435.png,MY
test_06436.png,BNE
test_06437.png,BNE
test_06438.png,EO
test_06439.png,PC
test_06440.png,BNE
test_06441.png,BNE
test_06442.png,BL
test_06443.png,BNE
test_06444.png,BNE
test_06445.png,BL
test_06446.png,BNE
test_06447.png,MY
test_06448.png,MMY
test_06449.png,LY
test_06450.png,BL
test_06451.png,MMY
test_06452.png,MY
test_06453.png,BNE
test_06454.png,BNE
test_06455.png,BNE
test_06456.png,BNE
test_06457.png,BNE
test_06458.png,SNE
test_06459.png,PMY
test_06460.png,SNE
test_06461.png,EO
test_06462.png,BNE
test_06463.png,LY
test_06464.png,BNE
test_06465.png,SNE
test_06466.png,BNE
test_06467.png,LY
test_06468.png,VLY
test_06469.png,BNE
test_06470.png,SNE
test_06471.png,BNE
test_06472.png,SNE
test_06473.png,EO
test_06474.png,PLY
test_06475.png,SNE
test_06476.png,BNE
test_06477.png,MMY
test_06478.png,BNE
test_06479.png,BL
test_06480.png,VLY
test_06481.png,BL
test_06482.png,SNE
test_06483.png,BNE
test_06484.png,BNE
test_06485.png,BNE
test_06486.png,BL
test_06487.png,BNE
test_06488.png,LY
test_06489.png,PC
test_06490.png,SNE
test_06491.png,LY
test_06492.png,BA
test_06493.png,BNE
test_06494.png,BNE
test_06495.png,BNE
test_06496.png,VLY
test_06497.png,BNE
test_06498.png,SNE
test_06499.png,BNE
test_06500.png,LY
test_06501.png,BNE
test_06502.png,MY
test_06503.png,SNE
test_06504.png,MY
test_06505.png,EO
test_06506.png,EO
test_06507.png,BNE
test_06508.png,BNE
test_06509.png,BNE
test_06510.png,LY
test_06511.png,VLY
test_06512.png,BL
test_06513.png,LY
test_06514.png,EO
test_06515.png,MMY
test_06516.png,VLY
test_06517.png,MO
test_06518.png,LY
test_06519.png,VLY
test_06520.png,BNE
test_06521.png,LY
test_06522.png,EO
test_06523.png,PLY
test_06524.png,MMY
test_06525.png,BNE
test_06526.png,LY
test_06527.png,PC
test_06528.png,BNE
test_06529.png,EO
test_06530.png,MY
test_06531.png,SNE
test_06532.png,BNE
test_06533.png,MO
test_06534.png,BNE
test_06535.png,BNE
test_06536.png,BNE
test_06537.png,BNE
test_06538.png,SNE
test_06539.png,BNE
test_06540.png,BNE
test_06541.png,BL
test_06542.png,BNE
test_06543.png,BNE
test_06544.png,BNE
test_06545.png,BNE
test_06546.png,MY
test_06547.png,LY
test_06548.png,BNE
test_06549.png,MY
test_06550.png,MY
test_06551.png,BNE
test_06552.png,LY
test_06553.png,BNE
test_06554.png,VLY
test_06555.png,SNE
test_06556.png,BNE
test_06557.png,SNE
test_06558.png,VLY
test_06559.png,BL
test_06560.png,VLY
test_06561.png,EO
test_06562.png,MMY
test_06563.png,BNE
test_06564.png,BNE
test_06565.png,SNE
test_06566.png,BNE
test_06567.png,LY
test_06568.png,BA
test_06569.png,BNE
test_06570.png,MMY
test_06571.png,MMY
test_06572.png,BNE
test_06573.png,SNE
test_06574.png,VLY
test_06575.png,BNE
test_06576.png,LY
test_06577.png,SNE
test_06578.png,BNE
test_06579.png,BNE
test_06580.png,BNE
test_06581.png,LY
test_06582.png,BNE
test_06583.png,MMY
test_06584.png,PC
test_06585.png,SNE
test_06586.png,SNE
test_06587.png,MO
test_06588.png,BL
test_06589.png,SNE
test_06590.png,SNE
test_06591.png,LY
test_06592.png,SNE
test_06593.png,BL
test_06594.png,BNE
test_06595.png,BNE
test_06596.png,BL
test_06597.png,BNE
test_06598.png,LY
test_06599.png,BNE
test_06600.png,BA
test_06601.png,BNE
test_06602.png,VLY
test_06603.png,BA
test_06604.png,MMY
test_06605.png,BNE
test_06606.png,BNE
test_06607.png,BNE
test_06608.png,MY
test_06609.png,MMY
test_06610.png,LY
test_06611.png,BNE
test_06612.png,EO
test_06613.png,BNE
test_06614.png,LY
test_06615.png,BNE
test_06616.png,MO
test_06617.png,BNE
test_06618.png,BNE
test_06619.png,BNE
test_06620.png,BNE
test_06621.png,BNE
test_06622.png,MMY
test_06623.png,BNE
test_06624.png,SNE
test_06625.png,BNE
test_06626.png,SNE
test_06627.png,BNE
test_06628.png,BNE
test_06629.png,BNE
test_06630.png,EO
test_06631.png,BNE
test_06632.png,LY
test_06633.png,SNE
test_06634.png,BNE
test_06635.png,SNE
test_06636.png,PC
test_06637.png,BNE
test_06638.png,BNE
test_06639.png,MO
test_06640.png,BNE
test_06641.png,MY
test_06642.png,MMY
test_06643.png,VLY
test_06644.png,BNE
test_06645.png,MMY
test_06646.png,EO
test_06647.png,LY
test_06648.png,BNE
test_06649.png,MMY
test_06650.png,BL
test_06651.png,MY
test_06652.png,SNE
test_06653.png,BNE
test_06654.png,EO
test_06655.png,BL
test_06656.png,BNE
test_06657.png,BL
test_06658.png,MMY
test_06659.png,EO
test_06660.png,SNE
test_06661.png,VLY
test_06662.png,MY
test_06663.png,SNE
test_06664.png,BNE
test_06665.png,BNE
test_06666.png,BNE
test_06667.png,MO
test_06668.png,MY
test_06669.png,MY
test_06670.png,LY
test_06671.png,BNE
test_06672.png,BNE
test_06673.png,EO
test_06674.png,BNE
test_06675.png,LY
test_06676.png,BA
test_06677.png,BNE
test_06678.png,MMY
test_06679.png,SNE
test_06680.png,MY
test_06681.png,SNE
test_06682.png,BNE
test_06683.png,LY
test_06684.png,MO
test_06685.png,LY
test_06686.png,LY
test_06687.png,BNE
test_06688.png,LY
test_06689.png,BNE
test_06690.png,LY
test_06691.png,MY
test_06692.png,BNE
test_06693.png,EO
test_06694.png,BL
test_06695.png,BNE
test_06696.png,BNE
test_06697.png,BNE
test_06698.png,MMY
test_06699.png,BNE
test_06700.png,LY
test_06701.png,BNE
test_06702.png,BNE
test_06703.png,LY
test_06704.png,MY
test_06705.png,BL
test_06706.png,BNE
test_06707.png,BL
test_06708.png,MY
test_06709.png,BNE
test_06710.png,LY
test_06711.png,LY
test_06712.png,BNE
test_06713.png,LY
test_06714.png,EO
test_06715.png,BNE
test_06716.png,BNE
test_06717.png,VLY
test_06718.png,VLY
test_06719.png,BNE
test_06720.png,BNE
test_06721.png,SNE
test_06722.png,SNE
test_06723.png,SNE
test_06724.png,BNE
test_06725.png,SNE
test_06726.png,MY
test_06727.png,PC
test_06728.png,SNE
test_06729.png,MMY
test_06730.png,BNE
test_06731.png,LY
test_06732.png,BNE
test_06733.png,BNE
test_06734.png,SNE
test_06735.png,BNE
test_06736.png,BNE
test_06737.png,BNE
test_06738.png,LY
test_06739.png,MMY
test_06740.png,MMY
test_06741.png,EO
test_06742.png,VLY
test_06743.png,MMY
test_06744.png,LY
test_06745.png,SNE
test_06746.png,VLY
test_06747.png,SNE
test_06748.png,BNE
test_06749.png,MO
test_06750.png,BNE
test_06751.png,MMY
test_06752.png,BNE
test_06753.png,SNE
test_06754.png,VLY
test_06755.png,MMY
test_06756.png,SNE
test_06757.png,MMY
test_06758.png,SNE
test_06759.png,BA
test_06760.png,SNE
test_06761.png,MMY
test_06762.png,BNE
test_06763.png,SNE
test_06764.png,MMY
test_06765.png,LY
test_06766.png,LY
test_06767.png,SNE
test_06768.png,SNE
test_06769.png,BNE
test_06770.png,VLY
test_06771.png,BNE
test_06772.png,BNE
test_06773.png,BNE
test_06774.png,SNE
test_06775.png,MO
test_06776.png,BNE
test_06777.png,MMY
test_06778.png,BNE
test_06779.png,BNE
test_06780.png,VLY
test_06781.png,BNE
test_06782.png,BL
test_06783.png,SNE
test_06784.png,BNE
test_06785.png,BNE
test_06786.png,BNE
test_06787.png,EO
test_06788.png,BNE
test_06789.png,BNE
test_06790.png,MY
test_06791.png,PC
test_06792.png,BNE
test_06793.png,BL
test_06794.png,BNE
test_06795.png,BNE
test_06796.png,BNE
test_06797.png,BNE
test_06798.png,LY
test_06799.png,EO
test_06800.png,VLY
test_06801.png,BNE
test_06802.png,VLY
test_06803.png,MO
test_06804.png,PC
test_06805.png,BNE
test_06806.png,BNE
test_06807.png,BNE
test_06808.png,SNE
test_06809.png,BNE
test_06810.png,VLY
test_06811.png,BNE
test_06812.png,BNE
test_06813.png,LY
test_06814.png,BNE
test_06815.png,LY
test_06816.png,LY
test_06817.png,MY
test_06818.png,SNE
test_06819.png,LY
test_06820.png,BNE
test_06821.png,SNE
test_06822.png,LY
test_06823.png,MY
test_06824.png,BL
test_06825.png,LY
test_06826.png,VLY
test_06827.png,MY
test_06828.png,EO
test_06829.png,PC
test_06830.png,SNE
test_06831.png,BNE
test_06832.png,BL
test_06833.png,BL
test_06834.png,BL
test_06835.png,BNE
test_06836.png,MMY
test_06837.png,BNE
test_06838.png,BNE
test_06839.png,BNE
test_06840.png,SNE
test_06841.png,BNE
test_06842.png,MMY
test_06843.png,MMY
test_06844.png,BL
test_06845.png,BNE
test_06846.png,MY
test_06847.png,BNE
test_06848.png,BNE
test_06849.png,BNE
test_06850.png,BNE
test_06851.png,BNE
test_06852.png,BNE
test_06853.png,BNE
test_06854.png,LY
test_06855.png,MMY
test_06856.png,BNE
test_06857.png,BNE
test_06858.png,BNE
test_06859.png,SNE
test_06860.png,BNE
test_06861.png,LY
test_06862.png,BNE
test_06863.png,LY
test_06864.png,BNE
test_06865.png,LY
test_06866.png,BA
test_06867.png,BL
test_06868.png,BL
test_06869.png,SNE
test_06870.png,LY
test_06871.png,BNE
test_06872.png,EO
test_06873.png,BNE
test_06874.png,VLY
test_06875.png,EO
test_06876.png,BNE
test_06877.png,SNE
test_06878.png,SNE
test_06879.png,MMY
test_06880.png,BNE
test_06881.png,LY
test_06882.png,PC
test_06883.png,SNE
test_06884.png,LY
test_06885.png,BNE
test_06886.png,BNE
test_06887.png,SNE
test_06888.png,EO
test_06889.png,EO
test_06890.png,VLY
test_06891.png,MMY
test_06892.png,BNE
test_06893.png,LY
test_06894.png,BNE
test_06895.png,VLY
test_06896.png,PLY
test_06897.png,BNE
test_06898.png,BNE
test_06899.png,BNE
test_06900.png,EO
test_06901.png,BNE
test_06902.png,PLY
test_06903.png,LY
test_06904.png,BL
test_06905.png,MY
test_06906.png,BNE
test_06907.png,BNE
test_06908.png,VLY
test_06909.png,BNE
test_06910.png,MMY
test_06911.png,EO
test_06912.png,PC
test_06913.png,LY
test_06914.png,SNE
test_06915.png,BNE
test_06916.png,BA
test_06917.png,BNE
test_06918.png,BNE
test_06919.png,BNE
test_06920.png,MMY
test_06921.png,EO
test_06922.png,VLY
test_06923.png,SNE
test_06924.png,BNE
test_06925.png,MO
test_06926.png,PC
test_06927.png,MO
test_06928.png,LY
test_06929.png,BNE
test_06930.png,MMY
test_06931.png,BNE
test_06932.png,LY
test_06933.png,MO
test_06934.png,EO
test_06935.png,EO
test_06936.png,LY
test_06937.png,LY
test_06938.png,SNE
test_06939.png,LY
test_06940.png,BNE
test_06941.png,BNE
test_06942.png,BNE
test_06943.png,BNE
test_06944.png,BNE
test_06945.png,SNE
test_06946.png,VLY
test_06947.png,BNE
test_06948.png,MY
test_06949.png,SNE
test_06950.png,BNE
test_06951.png,BNE
test_06952.png,MY
test_06953.png,LY
test_06954.png,BNE
test_06955.png,SNE
test_06956.png,BA
test_06957.png,SNE
test_06958.png,EO
test_06959.png,BNE
test_06960.png,BNE
test_06961.png,BNE
test_06962.png,BNE
test_06963.png,VLY
test_06964.png,VLY
test_06965.png,MO
test_06966.png,BNE
test_06967.png,BNE
test_06968.png,SNE
test_06969.png,BNE
test_06970.png,BNE
test_06971.png,MY
test_06972.png,BNE
test_06973.png,EO
test_06974.png,BNE
test_06975.png,LY
test_06976.png,BNE
test_06977.png,LY
test_06978.png,BNE
test_06979.png,BNE
test_06980.png,BNE
test_06981.png,LY
test_06982.png,BNE
test_06983.png,BNE
test_06984.png,LY
test_06985.png,BNE
test_06986.png,EO
test_06987.png,EO
test_06988.png,BL
test_06989.png,BNE
test_06990.png,LY
test_06991.png,BNE
test_06992.png,BNE
test_06993.png,BNE
test_06994.png,VLY
test_06995.png,BNE
test_06996.png,SNE
test_06997.png,SNE
test_06998.png,BNE
test_06999.png,BNE
test_07000.png,EO
test_07001.png,BNE
test_07002.png,BNE
test_07003.png,SNE
test_07004.png,PC
test_07005.png,PC
test_07006.png,BNE
test_07007.png,BNE
test_07008.png,BNE
test_07009.png,SNE
test_07010.png,BNE
test_07011.png,BNE
test_07012.png,BNE
test_07013.png,SNE
test_07014.png,EO
test_07015.png,EO
test_07016.png,SNE
test_07017.png,SNE
test_07018.png,MO
test_07019.png,BNE
test_07020.png,SNE
test_07021.png,MY
test_07022.png,MY
test_07023.png,BNE
test_07024.png,EO
test_07025.png,SNE
test_07026.png,BNE
test_07027.png,MY
test_07028.png,LY
test_07029.png,MMY
test_07030.png,SNE
test_07031.png,BNE
test_07032.png,SNE
test_07033.png,BNE
test_07034.png,LY
test_07035.png,MMY
test_07036.png,MMY
test_07037.png,LY
test_07038.png,BNE
test_07039.png,BL
test_07040.png,BL
test_07041.png,BA
test_07042.png,LY
test_07043.png,SNE
test_07044.png,LY
test_07045.png,BNE
test_07046.png,SNE
test_07047.png,SNE
test_07048.png,BNE
test_07049.png,BNE
test_07050.png,VLY
test_07051.png,MY
test_07052.png,VLY
test_07053.png,BNE
test_07054.png,BNE
test_07055.png,SNE
test_07056.png,BNE
test_07057.png,BNE
test_07058.png,VLY
test_07059.png,BNE
test_07060.png,BA
test_07061.png,SNE
test_07062.png,MO
test_07063.png,SNE
test_07064.png,MY
test_07065.png,SNE
test_07066.png,BNE
test_07067.png,MO
test_07068.png,EO
test_07069.png,BL
test_07070.png,BL
test_07071.png,PC
test_07072.png,MY
test_07073.png,BNE
test_07074.png,LY
test_07075.png,BL
test_07076.png,MMY
test_07077.png,BNE
test_07078.png,MY
test_07079.png,LY
test_07080.png,BNE
test_07081.png,BNE
test_07082.png,MY
test_07083.png,BNE
test_07084.png,LY
test_07085.png,LY
test_07086.png,MY
test_07087.png,MO
test_07088.png,BL
test_07089.png,BNE
test_07090.png,BNE
test_07091.png,BNE
test_07092.png,BNE
test_07093.png,SNE
test_07094.png,EO
test_07095.png,BNE
test_07096.png,VLY
test_07097.png,BA
test_07098.png,SNE
test_07099.png,BNE
test_07100.png,MMY
test_07101.png,BNE
test_07102.png,BL
test_07103.png,BNE
test_07104.png,VLY
test_07105.png,BNE
test_07106.png,BNE
test_07107.png,BNE
test_07108.png,BNE
test_07109.png,PMY
test_07110.png,BNE
test_07111.png,MMY
test_07112.png,BNE
test_07113.png,BNE
test_07114.png,BNE
test_07115.png,BNE
test_07116.png,BNE
test_07117.png,SNE
test_07118.png,VLY
test_07119.png,VLY
test_07120.png,BNE
test_07121.png,PC
test_07122.png,BNE
test_07123.png,LY
test_07124.png,EO
test_07125.png,BNE
test_07126.png,BNE
test_07127.png,BNE
test_07128.png,BNE
test_07129.png,LY
test_07130.png,BNE
test_07131.png,SNE
test_07132.png,BL
test_07133.png,MY
test_07134.png,BNE
test_07135.png,EO
test_07136.png,SNE
test_07137.png,BNE
test_07138.png,SNE
test_07139.png,SNE
test_07140.png,BNE
test_07141.png,BNE
test_07142.png,BNE
test_07143.png,EO
test_07144.png,BL
test_07145.png,BNE
test_07146.png,BNE
test_07147.png,BNE
test_07148.png,MO
test_07149.png,BA
test_07150.png,LY
test_07151.png,EO
test_07152.png,EO
test_07153.png,BNE
test_07154.png,SNE
test_07155.png,SNE
test_07156.png,BNE
test_07157.png,BNE
test_07158.png,BNE
test_07159.png,PMY
test_07160.png,BNE
test_07161.png,BNE
test_07162.png,VLY
test_07163.png,BNE
test_07164.png,PC
test_07165.png,SNE
test_07166.png,MMY
test_07167.png,LY
test_07168.png,BNE
test_07169.png,BNE
test_07170.png,BNE
test_07171.png,BNE
test_07172.png,BNE
test_07173.png,BNE
test_07174.png,LY
test_07175.png,VLY
test_07176.png,MO
test_07177.png,BNE
test_07178.png,BNE
test_07179.png,MY
test_07180.png,BL
test_07181.png,BNE
test_07182.png,MMY
test_07183.png,MMY
test_07184.png,PC
test_07185.png,EO
test_07186.png,BNE
test_07187.png,LY
test_07188.png,SNE
test_07189.png,MMY
test_07190.png,BNE
test_07191.png,LY
test_07192.png,SNE
test_07193.png,BNE
test_07194.png,SNE
test_07195.png,EO
test_07196.png,EO
test_07197.png,PC
test_07198.png,MY
test_07199.png,LY
test_07200.png,BNE
test_07201.png,BNE
test_07202.png,SNE
test_07203.png,MO
test_07204.png,BNE
test_07205.png,BNE
test_07206.png,MO
test_07207.png,MY
test_07208.png,BNE
test_07209.png,BNE
test_07210.png,SNE
test_07211.png,EO
test_07212.png,BA
test_07213.png,LY
test_07214.png,LY
test_07215.png,BNE
test_07216.png,MY
test_07217.png,LY
test_07218.png,BNE
test_07219.png,SNE
test_07220.png,BNE
test_07221.png,BNE
test_07222.png,BNE
test_07223.png,MY
test_07224.png,SNE
test_07225.png,BL
test_07226.png,LY
test_07227.png,SNE
test_07228.png,SNE
test_07229.png,MMY
test_07230.png,BL
test_07231.png,BNE
test_07232.png,BNE
test_07233.png,MY
test_07234.png,EO
test_07235.png,BL
test_07236.png,SNE
test_07237.png,BNE
test_07238.png,BNE
test_07239.png,BNE
test_07240.png,BNE
test_07241.png,BL
test_07242.png,BNE
test_07243.png,MMY
test_07244.png,BNE
test_07245.png,BNE
test_07246.png,VLY
test_07247.png,BNE
test_07248.png,EO
test_07249.png,MY
test_07250.png,BNE
test_07251.png,PMY
test_07252.png,BNE
test_07253.png,SNE
test_07254.png,MO
test_07255.png,BL
test_07256.png,VLY
test_07257.png,PC
test_07258.png,BNE
test_07259.png,VLY
test_07260.png,MO
test_07261.png,BNE
test_07262.png,MMY
test_07263.png,BNE
test_07264.png,EO
test_07265.png,LY
test_07266.png,BNE
test_07267.png,BNE
test_07268.png,BNE
test_07269.png,PLY
test_07270.png,MMY
test_07271.png,BNE
test_07272.png,BNE
test_07273.png,LY
test_07274.png,BNE
test_07275.png,LY
test_07276.png,LY
test_07277.png,BNE
test_07278.png,VLY
test_07279.png,PC
test_07280.png,VLY
test_07281.png,LY
test_07282.png,BNE
test_07283.png,EO
test_07284.png,VLY
test_07285.png,BNE
test_07286.png,BNE
test_07287.png,MMY
test_07288.png,BNE
test_07289.png,LY
test_07290.png,BNE
test_07291.png,MMY
test_07292.png,LY
test_07293.png,PC
test_07294.png,BL
test_07295.png,MMY
test_07296.png,PC
test_07297.png,MY
test_07298.png,PC
test_07299.png,BNE
test_07300.png,SNE
test_07301.png,BA
test_07302.png,BNE
test_07303.png,BNE
test_07304.png,SNE
test_07305.png,LY
test_07306.png,BNE
test_07307.png,BNE
test_07308.png,BNE
test_07309.png,SNE
test_07310.png,BL
test_07311.png,BNE
test_07312.png,BNE
test_07313.png,BL
test_07314.png,EO
test_07315.png,BNE
test_07316.png,SNE
test_07317.png,LY
test_07318.png,BNE
test_07319.png,BNE
test_07320.png,BNE
test_07321.png,BNE
test_07322.png,EO
test_07323.png,MMY
test_07324.png,BNE
test_07325.png,MMY
test_07326.png,PMY
test_07327.png,MMY
test_07328.png,PC
test_07329.png,BL
test_07330.png,BNE
test_07331.png,LY
test_07332.png,BNE
test_07333.png,SNE
test_07334.png,LY
test_07335.png,MY
test_07336.png,LY
test_07337.png,MY
test_07338.png,LY
test_07339.png,BL
test_07340.png,SNE
test_07341.png,SNE
test_07342.png,BNE
test_07343.png,LY
test_07344.png,BA
test_07345.png,BNE
test_07346.png,BNE
test_07347.png,LY
test_07348.png,MMY
test_07349.png,BNE
test_07350.png,BNE
test_07351.png,SNE
test_07352.png,MY
test_07353.png,BNE
test_07354.png,BNE
test_07355.png,SNE
test_07356.png,LY
test_07357.png,BNE
test_07358.png,PC
test_07359.png,MY
test_07360.png,BL
test_07361.png,VLY
test_07362.png,BNE
test_07363.png,BNE
test_07364.png,PMY
test_07365.png,LY
test_07366.png,BNE
test_07367.png,BNE
test_07368.png,BNE
test_07369.png,VLY
test_07370.png,BNE
test_07371.png,LY
test_07372.png,SNE
test_07373.png,BNE
test_07374.png,BNE
test_07375.png,BNE
test_07376.png,BNE
test_07377.png,BNE
test_07378.png,LY
test_07379.png,MY
test_07380.png,BNE
test_07381.png,VLY
test_07382.png,SNE
test_07383.png,BNE
test_07384.png,MY
test_07385.png,LY
test_07386.png,BL
test_07387.png,BNE
test_07388.png,LY
test_07389.png,BNE
test_07390.png,BNE
test_07391.png,SNE
test_07392.png,BNE
test_07393.png,BNE
test_07394.png,BNE
test_07395.png,VLY
test_07396.png,BNE
test_07397.png,MMY
test_07398.png,EO
test_07399.png,VLY
test_07400.png,BNE
test_07401.png,BL
test_07402.png,BNE
test_07403.png,MMY
test_07404.png,SNE
test_07405.png,BA
test_07406.png,SNE
test_07407.png,BNE
test_07408.png,BNE
test_07409.png,LY
test_07410.png,LY
test_07411.png,BNE
test_07412.png,BL
test_07413.png,MMY
test_07414.png,BL
test_07415.png,VLY
test_07416.png,BNE
test_07417.png,LY
test_07418.png,LY
test_07419.png,LY
test_07420.png,VLY
test_07421.png,SNE
test_07422.png,LY
test_07423.png,BNE
test_07424.png,BNE
test_07425.png,BNE
test_07426.png,MMY
test_07427.png,BNE
test_07428.png,BNE
test_07429.png,BNE
test_07430.png,BNE
test_07431.png,BNE
test_07432.png,BNE
test_07433.png,PMY
test_07434.png,BL
test_07435.png,BNE
test_07436.png,BA
test_07437.png,MMY
test_07438.png,MY
test_07439.png,MY
test_07440.png,BNE
test_07441.png,SNE
test_07442.png,VLY
test_07443.png,BNE
test_07444.png,BNE
test_07445.png,MY
test_07446.png,BNE
test_07447.png,BNE
test_07448.png,BNE
test_07449.png,LY
test_07450.png,BNE
test_07451.png,BNE
test_07452.png,SNE
test_07453.png,SNE
test_07454.png,VLY
test_07455.png,MY
test_07456.png,BNE
test_07457.png,LY
test_07458.png,VLY
test_07459.png,BNE
test_07460.png,EO
test_07461.png,MY
test_07462.png,MMY
test_07463.png,EO
test_07464.png,SNE
test_07465.png,MMY
test_07466.png,BNE
test_07467.png,VLY
test_07468.png,BNE
test_07469.png,SNE
test_07470.png,LY
test_07471.png,BNE
test_07472.png,BNE
test_07473.png,BNE
test_07474.png,VLY
test_07475.png,SNE
test_07476.png,LY
test_07477.png,MY
test_07478.png,LY
test_07479.png,BNE
test_07480.png,LY
test_07481.png,BNE
test_07482.png,EO
test_07483.png,VLY
test_07484.png,SNE
test_07485.png,BNE
test_07486.png,MO
test_07487.png,LY
test_07488.png,SNE
test_07489.png,BL
test_07490.png,VLY
test_07491.png,BNE
test_07492.png,MMY
test_07493.png,BNE
test_07494.png,MO
test_07495.png,PC
test_07496.png,BNE
test_07497.png,LY
test_07498.png,MMY
test_07499.png,VLY
test_07500.png,LY
test_07501.png,BNE
test_07502.png,VLY
test_07503.png,BNE
test_07504.png,VLY
test_07505.png,EO
test_07506.png,VLY
test_07507.png,BNE
test_07508.png,BL
test_07509.png,LY
test_07510.png,BNE
test_07511.png,BNE
test_07512.png,BNE
test_07513.png,BNE
test_07514.png,PC
test_07515.png,LY
test_07516.png,BL
test_07517.png,BL
test_07518.png,EO
test_07519.png,BL
test_07520.png,SNE
test_07521.png,BNE
test_07522.png,EO
test_07523.png,BNE
test_07524.png,BNE
test_07525.png,LY
test_07526.png,LY
test_07527.png,BNE
test_07528.png,BNE
test_07529.png,MO
test_07530.png,VLY
test_07531.png,BNE
test_07532.png,PC
test_07533.png,BNE
test_07534.png,BNE
test_07535.png,BL
test_07536.png,LY
test_07537.png,BNE
test_07538.png,MY
test_07539.png,MY
test_07540.png,BNE
test_07541.png,SNE
test_07542.png,BL
test_07543.png,BNE
test_07544.png,MMY
test_07545.png,BNE
test_07546.png,BNE
test_07547.png,LY
test_07548.png,MO
test_07549.png,SNE
test_07550.png,EO
test_07551.png,BNE
test_07552.png,BNE
test_07553.png,VLY
test_07554.png,VLY
test_07555.png,MMY
test_07556.png,BNE
test_07557.png,PC
test_07558.png,BNE
test_07559.png,BL
test_07560.png,BNE
test_07561.png,BNE
test_07562.png,BNE
test_07563.png,SNE
test_07564.png,BL
test_07565.png,BNE
test_07566.png,LY
test_07567.png,MY
test_07568.png,BA
test_07569.png,BNE
test_07570.png,BNE
test_07571.png,MMY
test_07572.png,BNE
test_07573.png,LY
test_07574.png,SNE
test_07575.png,SNE
test_07576.png,MMY
test_07577.png,BNE
test_07578.png,MO
test_07579.png,MO
test_07580.png,BNE
test_07581.png,SNE
test_07582.png,BNE
test_07583.png,BNE
test_07584.png,SNE
test_07585.png,BNE
test_07586.png,SNE
test_07587.png,MMY
test_07588.png,VLY
test_07589.png,MY
test_07590.png,BNE
test_07591.png,LY
test_07592.png,BL
test_07593.png,VLY
test_07594.png,MY
test_07595.png,MO
test_07596.png,MMY
test_07597.png,LY
test_07598.png,SNE
test_07599.png,VLY
test_07600.png,BNE
test_07601.png,SNE
test_07602.png,EO
test_07603.png,MMY
test_07604.png,BNE
test_07605.png,BA
test_07606.png,BNE
test_07607.png,LY
test_07608.png,BNE
test_07609.png,MMY
test_07610.png,BNE
test_07611.png,SNE
test_07612.png,BNE
test_07613.png,BNE
test_07614.png,MO
test_07615.png,BNE
test_07616.png,BNE
test_07617.png,BNE
test_07618.png,MMY
test_07619.png,EO
test_07620.png,SNE
test_07621.png,SNE
test_07622.png,SNE
test_07623.png,BNE
test_07624.png,SNE
test_07625.png,LY
test_07626.png,BNE
test_07627.png,LY
test_07628.png,BNE
test_07629.png,BL
test_07630.png,MMY
test_07631.png,BNE
test_07632.png,BNE
test_07633.png,BNE
test_07634.png,BNE
test_07635.png,BNE
test_07636.png,BNE
test_07637.png,LY
test_07638.png,VLY
test_07639.png,MY
test_07640.png,BNE
test_07641.png,BL
test_07642.png,VLY
test_07643.png,BNE
test_07644.png,BNE
test_07645.png,BNE
test_07646.png,PC
test_07647.png,LY
test_07648.png,LY
test_07649.png,BNE
test_07650.png,LY
test_07651.png,BNE
test_07652.png,BNE
test_07653.png,VLY
test_07654.png,BNE
test_07655.png,BNE
test_07656.png,SNE
test_07657.png,LY
test_07658.png,VLY
test_07659.png,SNE
test_07660.png,BNE
test_07661.png,BNE
test_07662.png,BNE
test_07663.png,MY
test_07664.png,SNE
test_07665.png,BNE
test_07666.png,MY
test_07667.png,SNE
test_07668.png,SNE
test_07669.png,PC
test_07670.png,BNE
test_07671.png,EO
test_07672.png,EO
test_07673.png,BNE
test_07674.png,BNE
test_07675.png,BNE
test_07676.png,MO
test_07677.png,MO
test_07678.png,PC
test_07679.png,BNE
test_07680.png,VLY
test_07681.png,BNE
test_07682.png,BNE
test_07683.png,LY
test_07684.png,LY
test_07685.png,LY
test_07686.png,BNE
test_07687.png,BNE
test_07688.png,MY
test_07689.png,BL
test_07690.png,MY
test_07691.png,MMY
test_07692.png,LY
test_07693.png,PC
test_07694.png,BA
test_07695.png,SNE
test_07696.png,VLY
test_07697.png,LY
test_07698.png,BNE
test_07699.png,MO
test_07700.png,BNE
test_07701.png,MMY
test_07702.png,BNE
test_07703.png,EO
test_07704.png,BNE
test_07705.png,MY
test_07706.png,BNE
test_07707.png,LY
test_07708.png,LY
test_07709.png,BNE
test_07710.png,SNE
test_07711.png,SNE
test_07712.png,BNE
test_07713.png,BNE
test_07714.png,BNE
test_07715.png,MO
test_07716.png,BNE
test_07717.png,BNE
test_07718.png,LY
test_07719.png,BNE
test_07720.png,BNE
test_07721.png,BNE
test_07722.png,BNE
test_07723.png,BNE
test_07724.png,MMY
test_07725.png,BL
test_07726.png,LY
test_07727.png,BNE
test_07728.png,BNE
test_07729.png,BNE
test_07730.png,BNE
test_07731.png,BNE
test_07732.png,LY
test_07733.png,LY
test_07734.png,MY
test_07735.png,EO
test_07736.png,BL
test_07737.png,BA
test_07738.png,BNE
test_07739.png,BNE
test_07740.png,BNE
test_07741.png,BNE
test_07742.png,LY
test_07743.png,BNE
test_07744.png,BNE
test_07745.png,VLY
test_07746.png,MO
test_07747.png,EO
test_07748.png,MY
test_07749.png,BNE
test_07750.png,VLY
test_07751.png,BNE
test_07752.png,VLY
test_07753.png,BNE
test_07754.png,BNE
test_07755.png,SNE
test_07756.png,BNE
test_07757.png,BNE
test_07758.png,BNE
test_07759.png,LY
test_07760.png,LY
test_07761.png,LY
test_07762.png,MMY
test_07763.png,BNE
test_07764.png,BL
test_07765.png,BNE
test_07766.png,SNE
test_07767.png,MY
test_07768.png,BNE
test_07769.png,MMY
test_07770.png,LY
test_07771.png,LY
test_07772.png,BNE
test_07773.png,BNE
test_07774.png,SNE
test_07775.png,BNE
test_07776.png,MMY
test_07777.png,BNE
test_07778.png,MMY
test_07779.png,LY
test_07780.png,BNE
test_07781.png,MMY
test_07782.png,MMY
test_07783.png,MO
test_07784.png,SNE
test_07785.png,LY
test_07786.png,BNE
test_07787.png,LY
test_07788.png,EO
test_07789.png,MY
test_07790.png,LY
test_07791.png,MO
test_07792.png,BNE
test_07793.png,BL
test_07794.png,BNE
test_07795.png,LY
test_07796.png,LY
test_07797.png,VLY
test_07798.png,BNE
test_07799.png,BL
test_07800.png,BNE
test_07801.png,BNE
test_07802.png,LY
test_07803.png,SNE
test_07804.png,BNE
test_07805.png,SNE
test_07806.png,BNE
test_07807.png,BNE
test_07808.png,MY
test_07809.png,EO
test_07810.png,LY
test_07811.png,MO
test_07812.png,BNE
test_07813.png,BNE
test_07814.png,SNE
test_07815.png,BL
test_07816.png,BNE
test_07817.png,BNE
test_07818.png,VLY
test_07819.png,LY
test_07820.png,BNE
test_07821.png,LY
test_07822.png,SNE
test_07823.png,LY
test_07824.png,BL
test_07825.png,MO
test_07826.png,VLY
test_07827.png,LY
test_07828.png,BNE
test_07829.png,BNE
test_07830.png,VLY
test_07831.png,MY
test_07832.png,SNE
test_07833.png,BNE
test_07834.png,SNE
test_07835.png,BL
test_07836.png,BNE
test_07837.png,SNE
test_07838.png,BNE
test_07839.png,BNE
test_07840.png,BNE
test_07841.png,PC
test_07842.png,LY
test_07843.png,SNE
test_07844.png,SNE
test_07845.png,VLY
test_07846.png,MY
test_07847.png,BA
test_07848.png,BL
test_07849.png,SNE
test_07850.png,VLY
test_07851.png,MMY
test_07852.png,BNE
test_07853.png,SNE
test_07854.png,BNE
test_07855.png,BL
test_07856.png,MMY
test_07857.png,BNE
test_07858.png,MY
test_07859.png,BNE
test_07860.png,BNE
test_07861.png,SNE
test_07862.png,BNE
test_07863.png,BNE
test_07864.png,EO
test_07865.png,BNE
test_07866.png,BNE
test_07867.png,MO
test_07868.png,LY
test_07869.png,SNE
test_07870.png,EO
test_07871.png,BA
test_07872.png,BNE
test_07873.png,BNE
test_07874.png,SNE
test_07875.png,BNE
test_07876.png,EO
test_07877.png,SNE
test_07878.png,BNE
test_07879.png,BNE
test_07880.png,SNE
test_07881.png,MMY
test_07882.png,VLY
test_07883.png,BNE
test_07884.png,BNE
test_07885.png,SNE
test_07886.png,BNE
test_07887.png,EO
test_07888.png,BNE
test_07889.png,BNE
test_07890.png,BNE
test_07891.png,BNE
test_07892.png,BNE
test_07893.png,MMY
test_07894.png,MY
test_07895.png,BNE
test_07896.png,BL
test_07897.png,MY
test_07898.png,BL
test_07899.png,BNE
test_07900.png,EO
test_07901.png,MY
test_07902.png,BA
test_07903.png,BNE
test_07904.png,VLY
test_07905.png,BNE
test_07906.png,VLY
test_07907.png,BNE
test_07908.png,BNE
test_07909.png,BNE
test_07910.png,VLY
test_07911.png,LY
test_07912.png,BL
test_07913.png,MO
test_07914.png,BNE
test_07915.png,BNE
test_07916.png,BNE
test_07917.png,SNE
test_07918.png,BNE
test_07919.png,BNE
test_07920.png,BNE
test_07921.png,PMY
test_07922.png,MY
test_07923.png,SNE
test_07924.png,PC
test_07925.png,MY
test_07926.png,LY
test_07927.png,EO
test_07928.png,BNE
test_07929.png,BNE
test_07930.png,EO
test_07931.png,BNE
test_07932.png,LY
test_07933.png,VLY
test_07934.png,BA
test_07935.png,PMY
test_07936.png,BNE
test_07937.png,BNE
test_07938.png,VLY
test_07939.png,BNE
test_07940.png,BNE
test_07941.png,BNE
test_07942.png,BA
test_07943.png,EO
test_07944.png,SNE
test_07945.png,SNE
test_07946.png,MY
test_07947.png,BL
test_07948.png,SNE
test_07949.png,BL
test_07950.png,EO
test_07951.png,BNE
test_07952.png,MY
test_07953.png,LY
test_07954.png,SNE
test_07955.png,MY
test_07956.png,BNE
test_07957.png,LY
test_07958.png,LY
test_07959.png,PC
test_07960.png,BL
test_07961.png,BL
test_07962.png,PC
test_07963.png,MMY
test_07964.png,BNE
test_07965.png,MMY
test_07966.png,BNE
test_07967.png,BNE
test_07968.png,BL
test_07969.png,MMY
test_07970.png,MO
test_07971.png,BNE
test_07972.png,BNE
test_07973.png,MMY
test_07974.png,BNE
test_07975.png,BNE
test_07976.png,BNE
test_07977.png,MO
test_07978.png,BNE
test_07979.png,BNE
test_07980.png,BNE
test_07981.png,MY
test_07982.png,BNE
test_07983.png,BNE
test_07984.png,VLY
test_07985.png,MO
test_07986.png,EO
test_07987.png,MMY
test_07988.png,VLY
test_07989.png,BNE
test_07990.png,MMY
test_07991.png,BNE
test_07992.png,BNE
test_07993.png,VLY
test_07994.png,BL
test_07995.png,EO
test_07996.png,BL
test_07997.png,LY
test_07998.png,PC
test_07999.png,LY
test_08000.png,BNE
test_08001.png,BNE
test_08002.png,MMY
test_08003.png,LY
test_08004.png,BNE
test_08005.png,BNE
test_08006.png,BNE
test_08007.png,BNE
test_08008.png,LY
test_08009.png,BNE
test_08010.png,BNE
test_08011.png,BNE
test_08012.png,BNE
test_08013.png,SNE
test_08014.png,BNE
test_08015.png,BNE
test_08016.png,MMY
test_08017.png,MY
test_08018.png,BNE
test_08019.png,BNE
test_08020.png,BA
test_08021.png,VLY
test_08022.png,SNE
test_08023.png,LY
test_08024.png,BL
test_08025.png,BL
test_08026.png,BNE
test_08027.png,LY
test_08028.png,SNE
test_08029.png,BNE
test_08030.png,BNE
test_08031.png,MO
test_08032.png,LY
test_08033.png,SNE
test_08034.png,BNE
test_08035.png,BNE
test_08036.png,LY
test_08037.png,BL
test_08038.png,BNE
test_08039.png,VLY
test_08040.png,SNE
test_08041.png,PC
test_08042.png,LY
test_08043.png,BNE
test_08044.png,VLY
test_08045.png,BNE
test_08046.png,SNE
test_08047.png,BNE
test_08048.png,BNE
test_08049.png,LY
test_08050.png,BNE
test_08051.png,VLY
test_08052.png,VLY
test_08053.png,VLY
test_08054.png,EO
test_08055.png,MMY
test_08056.png,BNE
test_08057.png,LY
test_08058.png,LY
test_08059.png,BNE
test_08060.png,BNE
test_08061.png,VLY
test_08062.png,BL
test_08063.png,EO
test_08064.png,EO
test_08065.png,VLY
test_08066.png,BL
test_08067.png,BA
test_08068.png,BNE
test_08069.png,SNE
test_08070.png,VLY
test_08071.png,BNE
test_08072.png,BNE
test_08073.png,BNE
test_08074.png,LY
test_08075.png,MY
test_08076.png,SNE
test_08077.png,BNE
test_08078.png,BNE
test_08079.png,BNE
test_08080.png,BNE
test_08081.png,LY
test_08082.png,VLY
test_08083.png,BL
test_08084.png,BNE
test_08085.png,LY
test_08086.png,VLY
test_08087.png,PC
test_08088.png,MO
test_08089.png,BNE
test_08090.png,BNE
test_08091.png,VLY
test_08092.png,BL
test_08093.png,BNE
test_08094.png,MY
test_08095.png,VLY
test_08096.png,SNE
test_08097.png,BNE
test_08098.png,BNE
test_08099.png,LY
test_08100.png,BNE
test_08101.png,BNE
test_08102.png,LY
test_08103.png,SNE
test_08104.png,BNE
test_08105.png,BNE
test_08106.png,BNE
test_08107.png,VLY
test_08108.png,EO
test_08109.png,MY
test_08110.png,BNE
test_08111.png,VLY
test_08112.png,BNE
test_08113.png,MMY
test_08114.png,BNE
test_08115.png,SNE
test_08116.png,BNE
test_08117.png,SNE
test_08118.png,SNE
test_08119.png,BNE
test_08120.png,BNE
test_08121.png,PC
test_08122.png,BNE
test_08123.png,BL
test_08124.png,PC
test_08125.png,MMY
test_08126.png,LY
test_08127.png,BNE
test_08128.png,MY
test_08129.png,BNE
test_08130.png,BNE
test_08131.png,BNE
test_08132.png,BA
test_08133.png,MY
test_08134.png,BNE
test_08135.png,PC
test_08136.png,BNE
test_08137.png,BNE
test_08138.png,BL
test_08139.png,BNE
test_08140.png,SNE
test_08141.png,MMY
test_08142.png,BNE
test_08143.png,LY
test_08144.png,BNE
test_08145.png,BNE
test_08146.png,MMY
test_08147.png,LY
test_08148.png,BNE
test_08149.png,BNE
test_08150.png,BNE
test_08151.png,BNE
test_08152.png,VLY
test_08153.png,BL
test_08154.png,BA
test_08155.png,VLY
test_08156.png,MY
test_08157.png,BL
test_08158.png,SNE
test_08159.png,PC
test_08160.png,BL
test_08161.png,BNE
test_08162.png,BNE
test_08163.png,LY
test_08164.png,BNE
test_08165.png,LY
test_08166.png,VLY
test_08167.png,LY
test_08168.png,BNE
test_08169.png,BNE
test_08170.png,MY
test_08171.png,LY
test_08172.png,BNE
test_08173.png,BNE
test_08174.png,LY
test_08175.png,BNE
test_08176.png,BNE
test_08177.png,BNE
test_08178.png,MMY
test_08179.png,LY
test_08180.png,BNE
test_08181.png,SNE
test_08182.png,BNE
test_08183.png,BL
test_08184.png,BNE
test_08185.png,SNE
test_08186.png,BA
test_08187.png,LY
test_08188.png,LY
test_08189.png,PC
test_08190.png,EO
test_08191.png,BNE
test_08192.png,BNE
test_08193.png,BNE
test_08194.png,BNE
test_08195.png,MY
test_08196.png,SNE
test_08197.png,BNE
test_08198.png,MY
test_08199.png,VLY
test_08200.png,BNE
test_08201.png,SNE
test_08202.png,SNE
test_08203.png,BNE
test_08204.png,SNE
test_08205.png,BNE
test_08206.png,MY
test_08207.png,MY
test_08208.png,BNE
test_08209.png,PC
test_08210.png,BNE
test_08211.png,SNE
test_08212.png,LY
test_08213.png,SNE
test_08214.png,BNE
test_08215.png,BNE
test_08216.png,LY
test_08217.png,BNE
test_08218.png,EO
test_08219.png,MMY
test_08220.png,MY
test_08221.png,BL
test_08222.png,BNE
test_08223.png,BA
test_08224.png,BNE
test_08225.png,SNE
test_08226.png,LY
test_08227.png,BNE
test_08228.png,LY
test_08229.png,BNE
test_08230.png,VLY
test_08231.png,BNE
test_08232.png,BNE
test_08233.png,BA
test_08234.png,VLY
test_08235.png,BL
test_08236.png,MY
test_08237.png,BNE
test_08238.png,BL
test_08239.png,VLY
test_08240.png,BNE
test_08241.png,LY
test_08242.png,PC
test_08243.png,BL
test_08244.png,BNE
test_08245.png,MY
test_08246.png,SNE
test_08247.png,BNE
test_08248.png,VLY
test_08249.png,BL
test_08250.png,SNE
test_08251.png,BNE
test_08252.png,BNE
test_08253.png,BNE
test_08254.png,BNE
test_08255.png,BNE
test_08256.png,BNE
test_08257.png,VLY
test_08258.png,BL
test_08259.png,BNE
test_08260.png,MMY
test_08261.png,MMY
test_08262.png,SNE
test_08263.png,PC
test_08264.png,SNE
test_08265.png,BNE
test_08266.png,EO
test_08267.png,BNE
test_08268.png,BNE
test_08269.png,LY
test_08270.png,BNE
test_08271.png,MY
test_08272.png,BNE
test_08273.png,BL
test_08274.png,BNE
test_08275.png,LY
test_08276.png,MMY
test_08277.png,EO
test_08278.png,BNE
test_08279.png,LY
test_08280.png,BNE
test_08281.png,BNE
test_08282.png,BNE
test_08283.png,BNE
test_08284.png,SNE
test_08285.png,BA
test_08286.png,LY
test_08287.png,MMY
test_08288.png,MO
test_08289.png,MY
test_08290.png,LY
test_08291.png,MO
test_08292.png,BA
test_08293.png,BA
test_08294.png,BNE
test_08295.png,SNE
test_08296.png,BA
test_08297.png,BNE
test_08298.png,MO
test_08299.png,VLY
test_08300.png,SNE
test_08301.png,LY
test_08302.png,BNE
test_08303.png,MMY
test_08304.png,LY
test_08305.png,BNE
test_08306.png,BNE
test_08307.png,MMY
test_08308.png,BNE
test_08309.png,BNE
test_08310.png,BL
test_08311.png,LY
test_08312.png,VLY
test_08313.png,BNE
test_08314.png,BNE
test_08315.png,BNE
test_08316.png,BNE
test_08317.png,BL
test_08318.png,BNE
test_08319.png,BNE
test_08320.png,BL
test_08321.png,VLY
test_08322.png,BA
test_08323.png,BL
test_08324.png,BA
test_08325.png,BNE
test_08326.png,BNE
test_08327.png,MY
test_08328.png,BNE
test_08329.png,LY
test_08330.png,BNE
test_08331.png,SNE
test_08332.png,BNE
test_08333.png,MMY
test_08334.png,MY
test_08335.png,SNE
test_08336.png,BNE
test_08337.png,LY
test_08338.png,SNE
test_08339.png,BNE
test_08340.png,MY
test_08341.png,BNE
test_08342.png,PC
test_08343.png,BNE
test_08344.png,SNE
test_08345.png,BNE
test_08346.png,BA
test_08347.png,SNE
test_08348.png,SNE
test_08349.png,VLY
test_08350.png,MMY
test_08351.png,EO
test_08352.png,BNE
test_08353.png,LY
test_08354.png,BL
test_08355.png,VLY
test_08356.png,BNE
test_08357.png,BNE
test_08358.png,EO
test_08359.png,BNE
test_08360.png,BNE
test_08361.png,SNE
test_08362.png,LY
test_08363.png,BNE
test_08364.png,VLY
test_08365.png,SNE
test_08366.png,SNE
test_08367.png,LY
test_08368.png,LY
test_08369.png,BNE
test_08370.png,SNE
test_08371.png,MMY
test_08372.png,BNE
test_08373.png,EO
test_08374.png,BNE
test_08375.png,BNE
test_08376.png,SNE
test_08377.png,BNE
test_08378.png,BNE
test_08379.png,MO
test_08380.png,MO
test_08381.png,BNE
test_08382.png,SNE
test_08383.png,SNE
test_08384.png,MMY
test_08385.png,BNE
test_08386.png,BNE
test_08387.png,SNE
test_08388.png,BNE
test_08389.png,PC
test_08390.png,SNE
test_08391.png,BNE
test_08392.png,BNE
test_08393.png,BNE
test_08394.png,BNE
test_08395.png,EO
test_08396.png,BL
test_08397.png,LY
test_08398.png,MMY
test_08399.png,VLY
test_08400.png,BL
test_08401.png,MO
test_08402.png,VLY
test_08403.png,LY
test_08404.png,BNE
test_08405.png,BNE
test_08406.png,LY
test_08407.png,SNE
test_08408.png,BNE
test_08409.png,MO
test_08410.png,BNE
test_08411.png,MMY
test_08412.png,BNE
test_08413.png,SNE
test_08414.png,VLY
test_08415.png,MO
test_08416.png,EO
test_08417.png,BNE
test_08418.png,BNE
test_08419.png,BL
test_08420.png,BNE
test_08421.png,EO
test_08422.png,BNE
test_08423.png,MY
test_08424.png,MY
test_08425.png,BL
test_08426.png,LY
test_08427.png,BNE
test_08428.png,SNE
test_08429.png,SNE
test_08430.png,BL
test_08431.png,BNE
test_08432.png,MY
test_08433.png,SNE
test_08434.png,BL
test_08435.png,EO
test_08436.png,EO
test_08437.png,EO
test_08438.png,LY
test_08439.png,BL
test_08440.png,MO
test_08441.png,BNE
test_08442.png,BA
test_08443.png,BNE
test_08444.png,BNE
test_08445.png,BL
test_08446.png,BNE
test_08447.png,VLY
test_08448.png,LY
test_08449.png,BNE
test_08450.png,MY
test_08451.png,VLY
test_08452.png,BNE
test_08453.png,BNE
test_08454.png,BL
test_08455.png,BL
test_08456.png,BNE
test_08457.png,BNE
test_08458.png,BNE
test_08459.png,MY
test_08460.png,EO
test_08461.png,VLY
test_08462.png,BNE
test_08463.png,BL
test_08464.png,BNE
test_08465.png,SNE
test_08466.png,BA
test_08467.png,BNE
test_08468.png,BL
test_08469.png,BA
test_08470.png,BNE
test_08471.png,BNE
test_08472.png,VLY
test_08473.png,MMY
test_08474.png,PC
test_08475.png,BL
test_08476.png,PC
test_08477.png,BNE
test_08478.png,BNE
test_08479.png,BL
test_08480.png,BL
test_08481.png,BL
test_08482.png,BNE
test_08483.png,BL
test_08484.png,SNE
test_08485.png,PC
test_08486.png,BNE
test_08487.png,VLY
test_08488.png,LY
test_08489.png,EO
test_08490.png,PMY
test_08491.png,BNE
test_08492.png,MY
test_08493.png,BA
test_08494.png,BNE
test_08495.png,LY
test_08496.png,EO
test_08497.png,BNE
test_08498.png,BNE
test_08499.png,BNE
test_08500.png,BNE
test_08501.png,BNE
test_08502.png,BL
test_08503.png,PC
test_08504.png,BNE
test_08505.png,EO
test_08506.png,BNE
test_08507.png,BNE
test_08508.png,BA
test_08509.png,BNE
test_08510.png,BNE
test_08511.png,BNE
test_08512.png,MMY
test_08513.png,MY
test_08514.png,BNE
test_08515.png,VLY
test_08516.png,BL
test_08517.png,MY
test_08518.png,BNE
test_08519.png,MMY
test_08520.png,BNE
test_08521.png,BNE
test_08522.png,MY
test_08523.png,BNE
test_08524.png,LY
test_08525.png,BNE
test_08526.png,BNE
test_08527.png,BNE
test_08528.png,BNE
test_08529.png,BNE
test_08530.png,EO
test_08531.png,LY
test_08532.png,BNE
test_08533.png,BNE
test_08534.png,BNE
test_08535.png,LY
test_08536.png,MO
test_08537.png,BNE
test_08538.png,SNE
test_08539.png,BA
test_08540.png,LY
test_08541.png,BNE
test_08542.png,VLY
test_08543.png,BNE
test_08544.png,MY
test_08545.png,PMY
test_08546.png,EO
test_08547.png,MY
test_08548.png,BNE
test_08549.png,VLY
test_08550.png,BNE
test_08551.png,LY
test_08552.png,BNE
test_08553.png,MMY
test_08554.png,BL
test_08555.png,MMY
test_08556.png,BNE
test_08557.png,BNE
test_08558.png,MY
test_08559.png,LY
test_08560.png,BL
test_08561.png,BNE
test_08562.png,EO
test_08563.png,BL
test_08564.png,SNE
test_08565.png,BNE
test_08566.png,BNE
test_08567.png,LY
test_08568.png,BL
test_08569.png,VLY
test_08570.png,BNE
test_08571.png,SNE
test_08572.png,VLY
test_08573.png,BNE
test_08574.png,BNE
test_08575.png,MY
test_08576.png,LY
test_08577.png,VLY
test_08578.png,BNE
test_08579.png,MY
test_08580.png,EO
test_08581.png,LY
test_08582.png,BL
test_08583.png,BL
test_08584.png,MMY
test_08585.png,LY
test_08586.png,MO
test_08587.png,MY
test_08588.png,BL
test_08589.png,MY
test_08590.png,BNE
test_08591.png,BNE
test_08592.png,BNE
test_08593.png,BNE
test_08594.png,VLY
test_08595.png,BNE
test_08596.png,BNE
test_08597.png,PLY
test_08598.png,BNE
test_08599.png,EO
test_08600.png,MY
test_08601.png,LY
test_08602.png,BNE
test_08603.png,LY
test_08604.png,BNE
test_08605.png,LY
test_08606.png,MY
test_08607.png,MY
test_08608.png,PC
test_08609.png,SNE
test_08610.png,BNE
test_08611.png,MY
test_08612.png,BNE
test_08613.png,BNE
test_08614.png,SNE
test_08615.png,EO
test_08616.png,BNE
test_08617.png,BNE
test_08618.png,BNE
test_08619.png,MMY
test_08620.png,SNE
test_08621.png,VLY
test_08622.png,VLY
test_08623.png,VLY
test_08624.png,BNE
test_08625.png,EO
test_08626.png,BL
test_08627.png,BNE
test_08628.png,MY
test_08629.png,BNE
test_08630.png,BNE
test_08631.png,BNE
test_08632.png,VLY
test_08633.png,BNE
test_08634.png,EO
test_08635.png,BNE
test_08636.png,SNE
test_08637.png,BNE
test_08638.png,BNE
test_08639.png,SNE
test_08640.png,SNE
test_08641.png,BNE
test_08642.png,BNE
test_08643.png,LY
test_08644.png,BNE
test_08645.png,LY
test_08646.png,LY
test_08647.png,MY
test_08648.png,BNE
test_08649.png,BNE
test_08650.png,MY
test_08651.png,VLY
test_08652.png,SNE
test_08653.png,BNE
test_08654.png,BNE
test_08655.png,BNE
test_08656.png,SNE
test_08657.png,SNE
test_08658.png,VLY
test_08659.png,LY
test_08660.png,LY
test_08661.png,BL
test_08662.png,LY
test_08663.png,BNE
test_08664.png,SNE
test_08665.png,SNE
test_08666.png,BNE
test_08667.png,VLY
test_08668.png,BNE
test_08669.png,LY
test_08670.png,VLY
test_08671.png,BL
test_08672.png,BNE
test_08673.png,MY
test_08674.png,VLY
test_08675.png,LY
test_08676.png,LY
test_08677.png,BNE
test_08678.png,BL
test_08679.png,SNE
test_08680.png,PC
test_08681.png,BNE
test_08682.png,BNE
test_08683.png,SNE
test_08684.png,MO
test_08685.png,LY
test_08686.png,EO
test_08687.png,BNE
test_08688.png,LY
test_08689.png,BNE
test_08690.png,LY
test_08691.png,BNE
test_08692.png,BNE
test_08693.png,SNE
test_08694.png,MMY
test_08695.png,BNE
test_08696.png,BNE
test_08697.png,SNE
test_08698.png,MO
test_08699.png,BNE
test_08700.png,SNE
test_08701.png,BNE
test_08702.png,BNE
test_08703.png,LY
test_08704.png,BNE
test_08705.png,VLY
test_08706.png,BNE
test_08707.png,BNE
test_08708.png,VLY
test_08709.png,BNE
test_08710.png,MY
test_08711.png,BNE
test_08712.png,SNE
test_08713.png,BNE
test_08714.png,BNE
test_08715.png,BNE
test_08716.png,MMY
test_08717.png,BNE
test_08718.png,BNE
test_08719.png,BNE
test_08720.png,SNE
test_08721.png,LY
test_08722.png,LY
test_08723.png,BNE
test_08724.png,BL
test_08725.png,BNE
test_08726.png,BNE
test_08727.png,BNE
test_08728.png,BL
test_08729.png,LY
test_08730.png,MO
test_08731.png,BNE
test_08732.png,SNE
test_08733.png,BNE
test_08734.png,LY
test_08735.png,VLY
test_08736.png,BNE
test_08737.png,BNE
test_08738.png,LY
test_08739.png,SNE
test_08740.png,BNE
test_08741.png,BL
test_08742.png,LY
test_08743.png,BNE
test_08744.png,BNE
test_08745.png,MO
test_08746.png,BA
test_08747.png,LY
test_08748.png,MMY
test_08749.png,BNE
test_08750.png,BNE
test_08751.png,BNE
test_08752.png,EO
test_08753.png,BL
test_08754.png,MY
test_08755.png,LY
test_08756.png,SNE
test_08757.png,BNE
test_08758.png,MY
test_08759.png,BA
test_08760.png,MO
test_08761.png,PC
test_08762.png,BNE
test_08763.png,BNE
test_08764.png,SNE
test_08765.png,SNE
test_08766.png,LY
test_08767.png,BA
test_08768.png,MY
test_08769.png,MMY
test_08770.png,MY
test_08771.png,BNE
test_08772.png,LY
test_08773.png,BNE
test_08774.png,LY
test_08775.png,BNE
test_08776.png,MMY
test_08777.png,BNE
test_08778.png,LY
test_08779.png,BNE
test_08780.png,BNE
test_08781.png,BNE
test_08782.png,BL
test_08783.png,SNE
test_08784.png,BNE
test_08785.png,BNE
test_08786.png,BL
test_08787.png,BNE
test_08788.png,BNE
test_08789.png,MMY
test_08790.png,BNE
test_08791.png,BNE
test_08792.png,BNE
test_08793.png,LY
test_08794.png,SNE
test_08795.png,BL
test_08796.png,MMY
test_08797.png,BNE
test_08798.png,BNE
test_08799.png,BNE
test_08800.png,MY
test_08801.png,MMY
test_08802.png,BA
test_08803.png,MMY
test_08804.png,BNE
test_08805.png,PMY
test_08806.png,MMY
test_08807.png,MY
test_08808.png,BNE
test_08809.png,PMY
test_08810.png,BNE
test_08811.png,VLY
test_08812.png,BNE
test_08813.png,LY
test_08814.png,MMY
test_08815.png,LY
test_08816.png,BNE
test_08817.png,BNE
test_08818.png,BNE
test_08819.png,LY
test_08820.png,LY
test_08821.png,MMY
test_08822.png,SNE
test_08823.png,VLY
test_08824.png,VLY
test_08825.png,MY
test_08826.png,VLY
test_08827.png,MY
test_08828.png,MMY
test_08829.png,LY
test_08830.png,BNE
test_08831.png,BNE
test_08832.png,BNE
test_08833.png,SNE
test_08834.png,SNE
test_08835.png,BNE
test_08836.png,MMY
test_08837.png,BNE
test_08838.png,LY
test_08839.png,BNE
test_08840.png,LY
test_08841.png,BNE
test_08842.png,EO
test_08843.png,BNE
test_08844.png,BNE
test_08845.png,BNE
test_08846.png,MMY
test_08847.png,BNE
test_08848.png,BL
test_08849.png,BNE
test_08850.png,MO
test_08851.png,BNE
test_08852.png,BNE
test_08853.png,BNE
test_08854.png,BL
test_08855.png,MO
test_08856.png,BNE
test_08857.png,BNE
test_08858.png,BNE
test_08859.png,BNE
test_08860.png,LY
test_08861.png,BNE
test_08862.png,MY
test_08863.png,VLY
test_08864.png,SNE
test_08865.png,SNE
test_08866.png,SNE
test_08867.png,BNE
test_08868.png,BNE
test_08869.png,BNE
test_08870.png,BA
test_08871.png,LY
test_08872.png,SNE
test_08873.png,LY
test_08874.png,MMY
test_08875.png,LY
test_08876.png,SNE
test_08877.png,LY
test_08878.png,MO
test_08879.png,BNE
test_08880.png,PC
test_08881.png,LY
test_08882.png,BL
test_08883.png,PC
test_08884.png,MMY
test_08885.png,BNE
test_08886.png,LY
test_08887.png,LY
test_08888.png,SNE
test_08889.png,BNE
test_08890.png,BNE
test_08891.png,MY
test_08892.png,EO
test_08893.png,VLY
test_08894.png,BNE
test_08895.png,MY
test_08896.png,SNE
test_08897.png,BL
test_08898.png,LY
test_08899.png,SNE
test_08900.png,MMY
test_08901.png,PC
test_08902.png,BNE
test_08903.png,EO
test_08904.png,BNE
test_08905.png,BA
test_08906.png,BNE
test_08907.png,MY
test_08908.png,MMY
test_08909.png,BNE
test_08910.png,LY
test_08911.png,BNE
test_08912.png,VLY
test_08913.png,MY
test_08914.png,BL
test_08915.png,LY
test_08916.png,MY
test_08917.png,SNE
test_08918.png,MMY
test_08919.png,MY
test_08920.png,BNE
test_08921.png,BNE
test_08922.png,BNE
test_08923.png,VLY
test_08924.png,PMY
test_08925.png,MO
test_08926.png,LY
test_08927.png,BNE
test_08928.png,EO
test_08929.png,BNE
test_08930.png,BNE
test_08931.png,LY
test_08932.png,LY
test_08933.png,EO
test_08934.png,MMY
test_08935.png,BNE
test_08936.png,BNE
test_08937.png,VLY
test_08938.png,MY
test_08939.png,BNE
test_08940.png,BL
test_08941.png,LY
test_08942.png,BNE
test_08943.png,BNE
test_08944.png,VLY
test_08945.png,LY
test_08946.png,EO
test_08947.png,BNE
test_08948.png,SNE
test_08949.png,SNE
test_08950.png,BL
test_08951.png,BNE
test_08952.png,LY
test_08953.png,BNE
test_08954.png,MY
test_08955.png,LY
test_08956.png,BNE
test_08957.png,BNE
test_08958.png,BNE
test_08959.png,BNE
test_08960.png,SNE
test_08961.png,BNE
test_08962.png,BNE
test_08963.png,BNE
test_08964.png,BNE
test_08965.png,MY
test_08966.png,BNE
test_08967.png,SNE
test_08968.png,VLY
test_08969.png,MMY
test_08970.png,MO
test_08971.png,LY
test_08972.png,VLY
test_08973.png,BNE
test_08974.png,BNE
test_08975.png,VLY
test_08976.png,BNE
test_08977.png,BA
test_08978.png,BNE
test_08979.png,MY
test_08980.png,BNE
test_08981.png,VLY
test_08982.png,BNE
test_08983.png,MY
test_08984.png,BNE
test_08985.png,BL
test_08986.png,LY
test_08987.png,BNE
test_08988.png,BNE
test_08989.png,MO
test_08990.png,MY
test_08991.png,BNE
test_08992.png,SNE
test_08993.png,VLY
test_08994.png,MY
test_08995.png,SNE
test_08996.png,BA
test_08997.png,BNE
test_08998.png,SNE
test_08999.png,BNE
test_09000.png,LY
test_09001.png,SNE
test_09002.png,VLY
test_09003.png,BNE
test_09004.png,BNE
test_09005.png,BNE
test_09006.png,VLY
test_09007.png,MY
test_09008.png,BNE
test_09009.png,BNE
test_09010.png,MY
test_09011.png,BNE
test_09012.png,BNE
test_09013.png,BL
test_09014.png,LY
test_09015.png,LY
test_09016.png,BNE
test_09017.png,BNE
test_09018.png,SNE
test_09019.png,BNE
test_09020.png,BNE
test_09021.png,LY
test_09022.png,BNE
test_09023.png,BNE
test_09024.png,BNE
test_09025.png,PC
test_09026.png,MO
test_09027.png,MMY
test_09028.png,BNE
test_09029.png,BNE
test_09030.png,BNE
test_09031.png,LY
test_09032.png,BNE
test_09033.png,BL
test_09034.png,SNE
test_09035.png,SNE
test_09036.png,SNE
test_09037.png,MMY
test_09038.png,MY
test_09039.png,BNE
test_09040.png,MY
test_09041.png,SNE
test_09042.png,BNE
test_09043.png,BL
test_09044.png,BNE
test_09045.png,BNE
test_09046.png,PC
test_09047.png,MY
test_09048.png,SNE
test_09049.png,BNE
test_09050.png,BNE
test_09051.png,BNE
test_09052.png,VLY
test_09053.png,EO
test_09054.png,SNE
test_09055.png,LY
test_09056.png,MY
test_09057.png,LY
test_09058.png,BNE
test_09059.png,VLY
test_09060.png,LY
test_09061.png,BL
test_09062.png,BNE
test_09063.png,BNE
test_09064.png,VLY
test_09065.png,BNE
test_09066.png,MMY
test_09067.png,BNE
test_09068.png,BL
test_09069.png,BNE
test_09070.png,BNE
test_09071.png,BL
test_09072.png,BL
test_09073.png,MO
test_09074.png,MMY
test_09075.png,PC
test_09076.png,PC
test_09077.png,BNE
test_09078.png,BNE
test_09079.png,MMY
test_09080.png,PC
test_09081.png,MY
test_09082.png,BNE
test_09083.png,BNE
test_09084.png,MMY
test_09085.png,BNE
test_09086.png,SNE
test_09087.png,MMY
test_09088.png,MY
test_09089.png,MO
test_09090.png,LY
test_09091.png,MY
test_09092.png,SNE
test_09093.png,BNE
test_09094.png,PC
test_09095.png,BNE
test_09096.png,EO
test_09097.png,BA
test_09098.png,SNE
test_09099.png,LY
test_09100.png,BNE
test_09101.png,EO
test_09102.png,BNE
test_09103.png,LY
test_09104.png,LY
test_09105.png,VLY
test_09106.png,BNE
test_09107.png,BNE
test_09108.png,BNE
test_09109.png,SNE
test_09110.png,VLY
test_09111.png,BNE
test_09112.png,BNE
test_09113.png,SNE
test_09114.png,SNE
test_09115.png,LY
test_09116.png,EO
test_09117.png,BL
test_09118.png,BL
test_09119.png,BNE
test_09120.png,LY
test_09121.png,EO
test_09122.png,LY
test_09123.png,BNE
test_09124.png,BNE
test_09125.png,BNE
test_09126.png,BNE
test_09127.png,BL
test_09128.png,BNE
test_09129.png,SNE
test_09130.png,VLY
test_09131.png,MMY
test_09132.png,MMY
test_09133.png,VLY
test_09134.png,BNE
test_09135.png,PLY
test_09136.png,BL
test_09137.png,BNE
test_09138.png,VLY
test_09139.png,SNE
test_09140.png,BNE
test_09141.png,MMY
test_09142.png,BNE
test_09143.png,LY
test_09144.png,PC
test_09145.png,BNE
test_09146.png,LY
test_09147.png,LY
test_09148.png,MMY
test_09149.png,LY
test_09150.png,BNE
test_09151.png,BNE
test_09152.png,BNE
test_09153.png,BNE
test_09154.png,LY
test_09155.png,BNE
test_09156.png,EO
test_09157.png,BNE
test_09158.png,BL
test_09159.png,BNE
test_09160.png,SNE
test_09161.png,EO
test_09162.png,VLY
test_09163.png,MMY
test_09164.png,VLY
test_09165.png,BNE
test_09166.png,VLY
test_09167.png,BL
test_09168.png,BNE
test_09169.png,MMY
test_09170.png,PC
test_09171.png,SNE
test_09172.png,BNE
test_09173.png,MMY
test_09174.png,MY
test_09175.png,LY
test_09176.png,MO
test_09177.png,BNE
test_09178.png,LY
test_09179.png,SNE
test_09180.png,LY
test_09181.png,BNE
test_09182.png,BL
test_09183.png,BNE
test_09184.png,BNE
test_09185.png,BNE
test_09186.png,PC
test_09187.png,SNE
test_09188.png,BNE
test_09189.png,BA
test_09190.png,BNE
test_09191.png,SNE
test_09192.png,SNE
test_09193.png,BNE
test_09194.png,BA
test_09195.png,BNE
test_09196.png,BNE
test_09197.png,BNE
test_09198.png,SNE
test_09199.png,BNE
test_09200.png,BNE
test_09201.png,BNE
test_09202.png,SNE
test_09203.png,MMY
test_09204.png,EO
test_09205.png,SNE
test_09206.png,BA
test_09207.png,SNE
test_09208.png,BNE
test_09209.png,BNE
test_09210.png,BNE
test_09211.png,VLY
test_09212.png,EO
test_09213.png,VLY
test_09214.png,BNE
test_09215.png,BNE
test_09216.png,VLY
test_09217.png,SNE
test_09218.png,LY
test_09219.png,BNE
test_09220.png,MO
test_09221.png,BNE
test_09222.png,BNE
test_09223.png,MO
test_09224.png,BNE
test_09225.png,BNE
test_09226.png,BNE
test_09227.png,BNE
test_09228.png,BL
test_09229.png,VLY
test_09230.png,SNE
test_09231.png,EO
test_09232.png,BNE
test_09233.png,LY
test_09234.png,LY
test_09235.png,VLY
test_09236.png,MY
test_09237.png,EO
test_09238.png,BL
test_09239.png,EO
test_09240.png,BNE
test_09241.png,BNE
test_09242.png,BL
test_09243.png,SNE
test_09244.png,MMY
test_09245.png,BNE
test_09246.png,BNE
test_09247.png,SNE
test_09248.png,BL
test_09249.png,VLY
test_09250.png,MMY
test_09251.png,VLY
test_09252.png,BNE
test_09253.png,LY
test_09254.png,BNE
test_09255.png,BNE
test_09256.png,MO
test_09257.png,MY
test_09258.png,PLY
test_09259.png,BNE
test_09260.png,BNE
test_09261.png,EO
test_09262.png,BNE
test_09263.png,BNE
test_09264.png,MO
test_09265.png,BNE
test_09266.png,BL
test_09267.png,LY
test_09268.png,LY
test_09269.png,MMY
test_09270.png,LY
test_09271.png,MY
test_09272.png,BNE
test_09273.png,SNE
test_09274.png,BNE
test_09275.png,VLY
test_09276.png,SNE
test_09277.png,BNE
test_09278.png,BNE
test_09279.png,VLY
test_09280.png,BNE
test_09281.png,LY
test_09282.png,SNE
test_09283.png,LY
test_09284.png,BNE
test_09285.png,LY
test_09286.png,MO
test_09287.png,PC
test_09288.png,VLY
test_09289.png,MY
test_09290.png,BNE
test_09291.png,BNE
test_09292.png,LY
test_09293.png,BNE
test_09294.png,MY
test_09295.png,BNE
test_09296.png,BA
test_09297.png,EO
test_09298.png,BNE
test_09299.png,VLY
test_09300.png,BNE
test_09301.png,LY
test_09302.png,BNE
test_09303.png,BA
test_09304.png,BNE
test_09305.png,VLY
test_09306.png,LY
test_09307.png,VLY
test_09308.png,MMY
test_09309.png,MMY
test_09310.png,BNE
test_09311.png,PLY
test_09312.png,BNE
test_09313.png,MMY
test_09314.png,VLY
test_09315.png,BNE
test_09316.png,BNE
test_09317.png,BNE
test_09318.png,SNE
test_09319.png,LY
test_09320.png,BNE
test_09321.png,BNE
test_09322.png,LY
test_09323.png,PC
test_09324.png,PLY
test_09325.png,SNE
test_09326.png,BNE
test_09327.png,LY
test_09328.png,BNE
test_09329.png,BNE
test_09330.png,VLY
test_09331.png,MMY
test_09332.png,SNE
test_09333.png,BNE
test_09334.png,BNE
test_09335.png,BNE
test_09336.png,BL
test_09337.png,BNE
test_09338.png,BL
test_09339.png,LY
test_09340.png,LY
test_09341.png,BNE
test_09342.png,BNE
test_09343.png,MMY
test_09344.png,BNE
test_09345.png,BNE
test_09346.png,BNE
test_09347.png,SNE
test_09348.png,MY
test_09349.png,VLY
test_09350.png,BNE
test_09351.png,BNE
test_09352.png,BNE
test_09353.png,PC
test_09354.png,SNE
test_09355.png,BNE
test_09356.png,EO
test_09357.png,LY
test_09358.png,VLY
test_09359.png,BNE
test_09360.png,BNE
test_09361.png,VLY
test_09362.png,EO
test_09363.png,SNE
test_09364.png,BNE
test_09365.png,MMY
test_09366.png,SNE
test_09367.png,LY
test_09368.png,MY
test_09369.png,MY
test_09370.png,VLY
test_09371.png,BNE
test_09372.png,BNE
test_09373.png,EO
test_09374.png,MY
test_09375.png,PC
test_09376.png,LY
test_09377.png,BNE
test_09378.png,BNE
test_09379.png,MY
test_09380.png,VLY
test_09381.png,PC
test_09382.png,MMY
test_09383.png,EO
test_09384.png,BNE
test_09385.png,MY
test_09386.png,EO
test_09387.png,BNE
test_09388.png,BL
test_09389.png,LY
test_09390.png,SNE
test_09391.png,SNE
test_09392.png,BNE
test_09393.png,BNE
test_09394.png,EO
test_09395.png,MO
test_09396.png,BNE
test_09397.png,MY
test_09398.png,BNE
test_09399.png,BNE
test_09400.png,EO
test_09401.png,MMY
test_09402.png,BNE
test_09403.png,BL
test_09404.png,LY
test_09405.png,VLY
test_09406.png,SNE
test_09407.png,BNE
test_09408.png,BNE
test_09409.png,BNE
test_09410.png,BNE
test_09411.png,BA
test_09412.png,BNE
test_09413.png,BNE
test_09414.png,LY
test_09415.png,BNE
test_09416.png,BL
test_09417.png,LY
test_09418.png,LY
test_09419.png,SNE
test_09420.png,BA
test_09421.png,BNE
test_09422.png,BL
test_09423.png,BL
test_09424.png,EO
test_09425.png,VLY
test_09426.png,LY
test_09427.png,VLY
test_09428.png,BNE
test_09429.png,BNE
test_09430.png,BL
test_09431.png,BNE
test_09432.png,SNE
test_09433.png,BNE
test_09434.png,BNE
test_09435.png,MY
test_09436.png,PC
test_09437.png,BL
test_09438.png,BNE
test_09439.png,BNE
test_09440.png,VLY
test_09441.png,SNE
test_09442.png,BNE
test_09443.png,EO
test_09444.png,BNE
test_09445.png,LY
test_09446.png,SNE
test_09447.png,EO
test_09448.png,BNE
test_09449.png,MMY
test_09450.png,BNE
test_09451.png,LY
test_09452.png,BNE
test_09453.png,BA
test_09454.png,MY
test_09455.png,LY
test_09456.png,BNE
test_09457.png,EO
test_09458.png,BL
test_09459.png,LY
test_09460.png,BA
test_09461.png,BL
test_09462.png,BNE
test_09463.png,MY
test_09464.png,SNE
test_09465.png,BL
test_09466.png,BNE
test_09467.png,VLY
test_09468.png,BNE
test_09469.png,VLY
test_09470.png,EO
test_09471.png,BL
test_09472.png,BNE
test_09473.png,BNE
test_09474.png,MMY
test_09475.png,VLY
test_09476.png,BNE
test_09477.png,MY
test_09478.png,BL
test_09479.png,SNE
test_09480.png,BL
test_09481.png,BNE
test_09482.png,BNE
test_09483.png,BNE
test_09484.png,LY
test_09485.png,BNE
test_09486.png,BNE
test_09487.png,BNE
test_09488.png,BNE
test_09489.png,SNE
test_09490.png,MMY
test_09491.png,EO
test_09492.png,MY
test_09493.png,BNE
test_09494.png,MY
test_09495.png,BNE
test_09496.png,EO
test_09497.png,MY
test_09498.png,MY
test_09499.png,BNE
test_09500.png,BNE
test_09501.png,BNE
test_09502.png,SNE
test_09503.png,EO
test_09504.png,BNE
test_09505.png,MMY
test_09506.png,BNE
test_09507.png,BNE
test_09508.png,BNE
test_09509.png,EO
test_09510.png,BNE
test_09511.png,BNE
test_09512.png,BNE
test_09513.png,BNE
test_09514.png,BNE
test_09515.png,BL
test_09516.png,SNE
test_09517.png,BNE
test_09518.png,BNE
test_09519.png,VLY
test_09520.png,BNE
test_09521.png,BNE
test_09522.png,BNE
test_09523.png,SNE
test_09524.png,LY
test_09525.png,LY
test_09526.png,MMY
test_09527.png,MMY
test_09528.png,BNE
test_09529.png,MO
test_09530.png,SNE
test_09531.png,MO
test_09532.png,PC
test_09533.png,MO
test_09534.png,BNE
test_09535.png,BNE
test_09536.png,BL
test_09537.png,LY
test_09538.png,BNE
test_09539.png,MY
test_09540.png,BNE
test_09541.png,MMY
test_09542.png,BNE
test_09543.png,EO
test_09544.png,BNE
test_09545.png,BL
test_09546.png,BNE
test_09547.png,BNE
test_09548.png,SNE
test_09549.png,MY
test_09550.png,MMY
test_09551.png,LY
test_09552.png,BNE
test_09553.png,BNE
test_09554.png,BNE
test_09555.png,MO
test_09556.png,EO
test_09557.png,SNE
test_09558.png,BNE
test_09559.png,BNE
test_09560.png,BNE
test_09561.png,BNE
test_09562.png,BNE
test_09563.png,LY
test_09564.png,BNE
test_09565.png,SNE
test_09566.png,SNE
test_09567.png,MO
test_09568.png,VLY
test_09569.png,BNE
test_09570.png,SNE
test_09571.png,LY
test_09572.png,BNE
test_09573.png,BL
test_09574.png,MY
test_09575.png,BNE
test_09576.png,SNE
test_09577.png,SNE
test_09578.png,SNE
test_09579.png,BL
test_09580.png,VLY
test_09581.png,BNE
test_09582.png,VLY
test_09583.png,MY
test_09584.png,VLY
test_09585.png,BNE
test_09586.png,MY
test_09587.png,MY
test_09588.png,BNE
test_09589.png,LY
test_09590.png,BNE
test_09591.png,BA
test_09592.png,VLY
test_09593.png,SNE
test_09594.png,MMY
test_09595.png,BNE
test_09596.png,BNE
test_09597.png,PC
test_09598.png,BNE
test_09599.png,MMY
test_09600.png,BNE
test_09601.png,PC
test_09602.png,BNE
test_09603.png,BNE
test_09604.png,BL
test_09605.png,BNE
test_09606.png,BNE
test_09607.png,BNE
test_09608.png,BNE
test_09609.png,PMY
test_09610.png,VLY
test_09611.png,VLY
test_09612.png,SNE
test_09613.png,BNE
test_09614.png,PC
test_09615.png,BNE
test_09616.png,BNE
test_09617.png,VLY
test_09618.png,EO
test_09619.png,MMY
test_09620.png,BNE
test_09621.png,LY
test_09622.png,BNE
test_09623.png,BNE
test_09624.png,BNE
test_09625.png,BNE
test_09626.png,BNE
test_09627.png,BNE
test_09628.png,MY
test_09629.png,SNE
test_09630.png,VLY
test_09631.png,EO
test_09632.png,MY
test_09633.png,BNE
